ISO_CODE,AG,AI,AR,AW,BB,BM,BO,BQ,BR,BS,BZ,CA,CL,CO,CR,CW,DM,DO,EC,GD,GF,GL,GP,GT,GY,HN,HT,JM,KN,KY,LC,MQ,MS,MX,NI,PA,PE,PM,PR,PY,SR,SV,SX,TC,TT,US,UY,VC,VE,VG,VI
AG,8.949124876690936,9.124616854105556,8.976951201568149,8.899208641705057,8.979800870362887,9.275841959884191,9.054684507797369,8.866366865927404,8.863339573312768,9.084872695091152,9.013841317895531,9.33046206173351,8.945852292104208,9.184350223475011,8.994209452859227,8.860003469086008,9.239102110513729,8.974567305938406,9.199035308153949,9.15988005709164,9.14963497873899,9.068373191066986,9.172732510967728,9.071052675340246,9.10358906141438,9.074250418437776,9.374131543104829,9.14856558167154,8.890619299476882,9.01207409150756,9.187984809746776,9.202301388261636,8.552713623271876,9.05509744641293,9.10480412874423,9.191860306341246,9.250086282853426,9.050683106960935,8.972868451977918,8.775991211954448,8.65989562497555,9.331803449744614,9.328401451176967,9.432128717443236,8.607753994962428,9.320366189471985,9.255661110083858,9.49375331285201,9.863670072759296,9.183600926411271,9.166455886540586
AI,12.673980490469203,12.368265388429744,12.601085695049848,12.485202532467524,12.621697258806812,12.716380769230762,12.696364600447437,12.361853372159082,12.474561474768528,12.70032040335968,12.606224659740256,12.768101893758889,12.55520474945454,12.81280227414662,12.647910984118452,12.468361726515148,12.77890842592592,12.620825212123965,12.840320710045448,12.758890388888885,12.672695160330573,12.446158468531465,12.674706537727266,12.72289142900373,12.709649277272725,12.73145457485714,12.98557839179545,12.78552550293388,12.44390239680589,12.569661984230049,12.79926047116324,12.7104088550505,12.13876589285714,12.666939820079405,12.737518745827916,12.79209314401913,12.868995893499996,12.22544362440191,12.52696271779904,12.467339790962562,12.30820341418732,12.979802175530295,12.86291452579852,12.933443121212116,12.26712765678704,12.767728397589044,12.877357786327265,13.075575300144294,13.409254636258732,12.683786269886356,12.617444225705324
AR,7.525236717697147,7.600007574815205,7.292967898576337,7.345652692494196,7.3979393848721315,7.776669488281178,7.407513059455322,7.300899196459634,7.184145784470234,7.531015371405847,7.417644771863548,7.7851311126199,7.298592498109504,7.559153688671178,7.30161681647587,7.284972979932484,7.705285873634365,7.340868624133197,7.547280755867302,7.640104322465392,7.586855390985881,7.496601507281181,7.588637075452379,7.441625570908422,7.506852622385479,7.455871075109152,7.791163428154696,7.591913899113415,7.312820591346949,7.486456706683301,7.652952113888617,7.613107896006944,7.152017679631292,7.415864368218571,7.502490396968006,7.578908825727798,7.621884462647139,7.433162113752077,7.324736876524032,7.114229268186954,7.021528507538666,7.71920411911461,7.785621486033085,7.910428974628389,6.983820955421166,7.780130003900257,7.598337517657426,7.991270000013782,8.320139946036752,7.674055049993908,7.640735349160133
AW,11.7760657845622,11.81269603896102,11.67422431922234,11.38938124808672,11.681511844977663,11.916856359432218,11.780239353423536,11.501487636160698,11.546504524590237,11.800031294254648,11.697940015221072,12.00055328212887,11.639645993093394,11.944931901157243,11.700626374502152,11.511124915476175,11.967415892857126,11.691022640353884,11.94592803824512,11.890852788548738,11.860191748051935,11.658931116758229,11.871543340624989,11.801759775897734,11.804609986767383,11.828776204683662,12.172059332687486,11.901005828457782,11.526315536679522,11.705122847303192,11.920087903225792,11.909504772222208,11.173598469387738,11.763089032526882,11.844848745937488,11.928127611315778,11.994587798007752,11.584436640037575,11.585206177819536,11.464641515084024,11.274242664231592,12.097851193427566,12.062970323841684,12.194756278439137,11.217788871012708,11.99716096054739,11.995004729242842,12.279458570578216,12.682021641651088,11.867827565848197,11.826314521551708
BB,8.102938370362903,8.195471122443184,7.972791368743144,7.927792202120536,7.923043501328122,8.325314301602564,8.06241879411621,7.9130686609375,7.873756836016972,8.102239966711956,8.0209774725,8.377939415038858,7.943081047989423,8.206699782876612,7.972205325111743,7.880730421145834,8.299302899305555,7.9899312513897724,8.187910511511932,8.208894395337301,8.190789745738636,8.097467624839744,8.19060512309375,8.077393551678083,8.106063553445512,8.092581362083928,8.430679688678124,8.179727515795454,7.890710391891892,8.054925581760205,8.221873174731181,8.220506431111112,7.697875401785716,8.071543750511372,8.147773906348215,8.210291803490131,8.272267403492936,8.010746712171054,7.978039085384867,7.772562149935663,7.626360509772726,8.348054752465279,8.36895730337838,8.504467981249999,7.561180366592466,8.383344076049234,8.240598270362497,8.560289784920636,8.940691670179326,8.230170078515625,8.23925605
BM,11.29461119065341,11.185786363636344,11.247153202921403,11.0587684473443,11.220946032371772,11.12188932215646,11.34624345554485,11.02637697756408,11.12745611238795,11.288765835897411,11.200702489377267,11.282401011118152,11.179781635723844,11.432966259993362,11.305557375874104,11.076785851068356,11.387865194681838,11.262157478941704,11.473494945871776,11.33704584045582,11.277070801165475,11.022885788954614,11.287214287692285,11.350359203723198,11.302761585404316,11.37011062790474,11.594326347012798,11.37718126065266,11.066710144837122,11.131668895342733,11.390729212020934,11.32763129074072,10.873028287545765,11.2779149778968,11.361452133644669,11.390934608987832,11.478867983104776,10.881684244264484,11.151548220148428,11.124057869517324,10.97437755843044,11.585832131509951,11.465298760221737,11.53898559639124,10.905589574675076,11.287171553599862,11.492386190133312,11.656565888481865,11.944028768145936,11.289404660256388,11.17967045446505
BO,7.840670445297381,7.932986901583808,7.645213480826337,7.689368148066407,7.725267231616213,8.11346016227564,7.540568081972268,7.609313000791017,7.505013212737261,7.856015783330846,7.722360696018604,8.13852197619195,7.632184478227466,7.849530468429305,7.551347729826372,7.614966702671877,8.020860716805558,7.634002243145085,7.794886078403651,7.950915889717262,7.917075311102277,7.845842880468751,7.928842262209376,7.635161106030565,7.807079101635018,7.687105887007456,8.06392145138367,7.883179401654687,7.652923779923989,7.8222199238169665,7.966770775793012,7.949324152296006,7.424964470982143,7.72914967240681,7.793829260027344,7.898112418910857,7.918823817495234,7.720977951398027,7.589393969018751,7.345190831234376,7.326787579623108,7.888888415229342,8.050345965101354,8.162637570086806,7.316582497042808,8.119011513981105,7.843798829707689,8.247980651867561,8.56969028652745,7.935480628925782,7.969260306562502
BQ,15.55811686592742,15.504239735795457,15.444363680330644,15.316380493303573,15.481681160937503,15.699357746794869,15.515077063291017,14.820272609374996,15.289936114271637,15.598203837228262,15.492023874404763,15.783123965616848,15.402870520254808,15.694200987149191,15.44573578325758,15.281683564583332,15.737808196759262,15.457349579886367,15.711136774056818,15.683516253968252,15.628995255113637,15.420707017628205,15.6370719640625,15.535935619075344,15.604721544391024,15.578515004696428,15.896708832625,15.684768724431818,15.31298102195946,15.466402880102038,15.719872119623655,15.672012713194444,14.980664218750002,15.53161230203238,15.611787242053571,15.689760649210529,15.75089987229348,15.01610440789474,15.39597284700658,15.228490145422793,15.080200646401517,15.858878807343752,15.8060185,15.906602775462964,15.030825787756852,15.783424481201989,15.7651772165,16.07079172519841,16.45726621701442,15.574902121093748,15.537894133620687
BR,8.412007973312738,8.473866238404854,8.184528668341208,8.218315781733063,8.29928773601693,8.657355281618699,8.26769567523722,8.146854514271592,7.894742387963694,8.431160164395912,8.28349663218322,8.6665750010958,8.140319773548114,8.438128629334592,8.081129465617026,8.145440956126755,8.607063446485999,8.180633551232546,8.385938583060373,8.540975591483598,8.453247790855274,8.332201499935858,8.48319423255823,8.314099839278045,8.394127508106447,8.308734913119988,8.68432778097908,8.470405771962772,8.190546752487691,8.371002510261496,8.581587628015425,8.507565131343206,7.9185280428571,8.249530517407837,8.368224262640952,8.459253257398187,8.499898335951833,8.274943264169998,8.087763068643039,7.964619314144475,7.840503630398235,8.571971504156227,8.650754841391642,8.770285022429304,7.835342178055485,8.648275895954885,8.450146702360904,8.882754531683842,9.226650815007089,8.51481101098794,8.506399826868126
BS,7.000442260308528,7.066526332213412,6.8982994204942205,6.838743716614879,6.89467203192932,7.185566170345569,6.985599411048206,6.822023402445623,6.798061329613317,6.961762741568972,6.943038769648005,7.219328224440994,6.866647079030742,7.098080820313298,6.919140895113278,6.796689334130407,7.185122613043452,6.900862316851358,7.117927092386534,7.114246042650076,7.094421153280605,6.977641959085815,7.08400938599997,6.998264619768287,7.022569675774777,7.018227258654632,7.305875372097798,7.0827301554584725,6.825049081903615,6.939147312511066,7.119150516549763,7.1183768123671225,6.654990024844692,6.986713542319407,7.055848365659911,7.100170287812331,7.175830512810748,6.940449862700201,6.905227659732239,6.73371390827363,6.594551956231857,7.25963877021978,7.252613393066952,7.359459403703676,6.538635931340057,7.222618624129105,7.168890251679972,7.44133316245684,7.779988279917697,7.122479882336928,7.090714314842551
BZ,8.474427032181232,8.51744673766231,8.329944970020245,8.28166858664963,8.358425686785683,8.642518972893745,8.396960472804286,8.260859588690447,8.195413946468944,8.48805491871633,8.210726669319698,8.673107378921292,8.29820393192378,8.558700147407649,8.295443940940807,8.255499723055527,8.634703813051118,8.305339041961009,8.492457433219451,8.546445129251671,8.503592247229408,8.35205923882781,8.545398936095209,8.40823301999997,8.395359234847344,8.42888211294555,8.728346579219018,8.510465446458845,8.217185728185301,8.415264035860028,8.59335980901175,8.579068913121661,7.95108467517004,8.401648532542772,8.448105781707453,8.571466365636564,8.601482836071188,8.309768503759368,8.197305267639068,8.123341727617618,7.917764467546869,8.649450362839918,8.68155559047616,8.802568322045826,7.908432841148048,8.642424888237418,8.562618798346637,8.877734642403599,9.23725541804576,8.553023728273782,8.53454344548437
CA,6.3066412356465165,6.194917431308254,6.213024770403913,6.099875313184736,6.230981088951856,6.239810954261939,6.328715212604946,6.067553139529845,6.094085775008838,6.2799378331366285,6.188700838548607,6.217293301325681,6.142713448424567,6.391441710496872,6.279995263809205,6.081989406506837,6.3962975061899705,6.225293502927497,6.451240734442609,6.343087674732183,6.25870860458612,6.02252572850943,6.255335222047998,6.3307687955298775,6.290798001556588,6.346852975089161,6.558346438973193,6.358162577231179,6.090873806182093,6.139160917065615,6.385114357890556,6.293872625078215,5.9614774702018165,6.248950976890427,6.336925818054845,6.354654058426639,6.44680977202162,5.892712915331761,6.128803490181559,6.117740998062461,5.979258371360825,6.566793982737818,6.474502083802539,6.537122302008005,5.92053783888572,6.229488464959907,6.470210600081016,6.660683066436805,6.900179332961434,6.365653130956476,6.185984525043433
CL,8.206793215181099,8.26678203616779,8.0112479050574,8.023729773313146,8.080884471066305,8.421953328031519,8.107139463804346,7.97206144333169,7.852592296625037,8.21201843689026,8.098559140714979,8.427475197588452,7.893187616705757,8.249110439149643,7.949673493359937,7.958000883200603,8.392043264330441,8.012216161689457,8.2345529927423,8.320567263566502,8.273890652084575,8.14773518284414,8.27684398483919,8.129661370536907,8.190908875774713,8.155165795810182,8.497558546864074,8.270266678190868,7.981047624925116,8.143248383811576,8.348729965548346,8.299803327235,7.841406186263696,8.086483209838784,8.199844010635868,8.257627643946194,8.304325133457377,8.055793317752995,7.964501122970891,7.815908369941002,7.690155480800429,8.403788426518398,8.460944590193305,8.582386687190843,7.64527128545012,8.418980421584353,8.286654021999714,8.67972536133207,9.019120329903624,8.329987951644188,8.291080949588817
CO,5.453816481539505,5.53290489584747,5.28033443060667,5.337541016364594,5.353028540941091,5.683663287288633,5.333010788993784,5.271917245213672,5.158926487399111,5.451977513160411,5.367580691186445,5.684728794648355,5.257635774137237,5.450866297726169,5.238086763731978,5.256607367713673,5.608130845645125,5.273094710842362,5.44575211022536,5.549499378104418,5.520807351357736,5.46041896277333,5.529255967041255,5.350118332157667,5.439263064916755,5.374309923422038,5.649491510295286,5.497494462872105,5.306236771652101,5.4241858092376205,5.561800807878562,5.54529512039853,5.158227866359411,5.357120516515412,5.42967745768123,5.486560889750915,5.529599140980831,5.44054046028859,5.283885610274039,5.1030658501291954,5.035956161692631,5.583684065345232,5.658724226612866,5.7463593021576695,5.016061639795014,5.675581284586043,5.509473848886196,5.829008501425976,6.111982627957656,5.56948145763706,5.554925817509418
CR,9.921973089222828,10.026310984118412,9.681094936710467,9.75153286800861,9.776831461475332,10.214551781468488,9.69312542868996,9.681749419621168,9.460224701980655,9.931334966259508,9.762621863018715,10.23157972625979,9.616496206646644,9.896384142031083,9.169386061628048,9.706258272138845,10.11029835484844,9.62606738442717,9.588956567377748,10.039627505695002,10.020599555090865,9.936805010800263,10.063145721074198,9.700847224343168,9.861593046959548,9.747664948133892,10.120228884207831,9.936746428523646,9.67094926474197,9.913225705052522,10.098870765852023,10.070448910486489,9.35073045649346,9.727419870589127,9.815874232975276,9.951530636329611,9.930283785619372,9.749953499840466,9.242916299382564,9.425355443641571,9.32486694431125,9.774831142084125,9.900992774225998,10.06438513062846,9.308352310041048,10.2053688375606,9.644579989336314,10.17124249400188,10.56409986008916,9.771283709905257,10.069534805642588
CW,9.889328469086006,9.9483230901515,9.766012463803476,9.66359277261903,9.786917921145818,10.087341620299132,9.85830576517186,9.619258564583316,9.626097556126778,9.910444768913026,9.824239008769824,10.135135232593823,9.7263849601237,10.016466109649176,9.807819635775235,9.554317980624983,10.102316617592576,9.77448657226059,10.05050960353559,10.013739331746017,9.968232120075742,9.817376360683744,9.973494110708316,9.898062468286517,9.926886992948706,9.914266053309507,10.257182744087482,9.997819384499984,9.692370237837824,9.822311715646242,10.04296993476701,10.004855141944429,9.448757854166647,9.855147334138136,9.940212137452365,10.007881454346476,10.089264996376434,9.73793510307016,9.76115303578946,9.55354408286028,9.401217792954531,10.210603216812483,10.199064112162148,10.332273610185172,9.355537866164369,10.13292372384362,10.113335788066651,10.42084351256612,10.79605747762306,10.048974503124985,9.975743856034468
DM,8.865287295698916,8.855729974747467,8.783185542690553,8.716743935185175,8.802350584490732,8.995281149097808,8.861059964490732,8.672243381944437,8.684580231671218,8.895738233011263,8.800303283950608,9.046303517462151,8.75728752643874,8.964849772765822,8.808719903670026,8.69917680277777,8.861814806584356,8.79107431586531,8.978339926444434,8.944105689006458,8.917445974074067,8.777315811016136,8.931350746481472,8.88637072287163,8.87694795232668,8.903199018656078,9.120230828814806,8.94259537710437,8.676449182182175,8.827625427815562,8.96505845957785,8.951502745473242,8.46591035714285,8.850105213606419,8.903612531362427,8.96618903783625,9.018862075069237,8.647592631578938,8.762114967972702,8.645024722832236,8.513846651402911,9.10007815082304,9.069793100100092,9.130587865569264,8.471735401471324,9.033522322187872,9.02336497432592,9.19674464138741,9.523240637985747,8.917743418981473,8.89919587484035
DO,7.668521124120193,7.76541539394211,7.4865369261859875,7.508119315678531,7.56074756957155,7.937342066354275,7.541970123826861,7.459553398068143,7.325918969414361,7.6792465698157715,7.538707145857102,7.943068147196278,7.445229056794351,7.697582270959659,7.392257566245358,7.439115390442384,7.858842948861914,7.380450416681744,7.643328158686833,7.788315678836903,7.7480255858545055,7.661736092125834,7.7765222812545085,7.5661833581281535,7.620747289804623,7.551422873182919,7.892591917844868,7.694379025114836,7.461546907965562,7.637452383821852,7.802903568259979,7.79638580909188,7.288942717337622,7.561593977088899,7.631558710056908,7.725024814563024,7.758829592560063,7.598691237511924,7.39547384394283,7.263177401150656,7.1161956386396295,7.807858892681522,7.89255858509087,7.998081648599287,7.089986479659239,7.921066145429315,7.717915257866429,8.098532036502123,8.444485007382099,7.783988571545415,7.775253704043849
EC,7.831073853608467,7.922995619136326,7.631033785192819,7.701109440842496,7.696811556966439,8.086764260557072,7.640938686358155,7.651425319511326,7.469308728514916,7.8343960726236785,7.663910264388273,8.10710010598412,7.605650615119927,7.808324397615388,7.293231476468664,7.653223148990116,7.984193286713766,7.581412885959564,7.508804056852344,7.911262447823916,7.903185688316491,7.835156811393902,7.949583600790418,7.670654958330633,7.7456367459778175,7.677947815640923,7.9717147124351,7.825088456166989,7.612364616882027,7.833502455070463,7.9538146194506,7.950734195780772,7.380137255389573,7.689929514568892,7.735271816339346,7.858957262073837,7.837749450221578,7.737481963899484,7.307660676709245,7.427483324479855,7.301235367008777,7.720197199698798,7.818202478702664,7.945460796467977,7.305658779999338,8.084966524690959,7.617979551686945,8.03009869800862,8.368339946708145,7.710294890403372,7.964541094937265
GD,8.702562596774184,8.752209292207782,8.634501346018933,8.556678185374137,8.628439435019827,8.860959149369135,8.70761249189979,8.534448793650782,8.534989731166165,8.74135901711524,8.628541954648515,8.909591040501713,8.60230888017215,8.822715659722467,8.654546409013937,8.527096871428558,8.860603043503808,8.637044400337652,8.821906442051933,8.720246025195248,8.7920575109668,8.641000716320704,8.793015302460304,8.73398790873667,8.721500696662583,8.742711795578217,8.994541646642842,8.778061545295804,8.538312766194753,8.663544170068016,8.805279137054093,8.8193506626984,8.285688911564614,8.694661054415938,8.761733846655314,8.821029242548025,8.876616642767413,8.577168634085202,8.606863934619872,8.472500599542471,8.347444689562277,8.95164570896383,8.929526639210627,9.025137671957658,8.289714812046086,8.896802182097606,8.867265739155542,9.044160187200792,9.419128473881551,8.810270121031733,8.76604011767924
GF,8.737744069648063,8.711440614876,8.626678965765954,8.571443696103865,8.655761336647696,8.84641066130533,8.719198464511333,8.525354346022695,8.492688481764377,8.766960678972302,8.631115623852786,8.870638521582185,8.601058819916755,8.839450184202319,8.680945009636334,8.527016210984817,8.879369879797949,8.64218085858179,8.859256233771047,8.837484062193331,8.65883698595039,8.597212661538432,8.709176514818154,8.739120770481914,8.741841391025611,8.749964864758411,9.00151318548179,8.825591798049558,8.553582402211273,8.670755078107575,8.866781319061552,8.73298284989896,8.3094809837662,8.699680765088145,8.75272650324023,8.824203312712891,8.894402320097205,8.444552598086092,8.601193271071741,8.470036967310133,8.336977146280963,9.003771025800479,8.96308469901717,9.068575958249127,8.322955759128241,8.873428122541707,8.908264007494516,9.160636019047583,9.44908591009298,8.859159263636332,8.76433550062693
GL,13.119527037220822,12.94794867832166,12.99946983730602,12.833227820054924,13.025483970993568,13.05527040433923,13.111010789122576,12.78011086378203,12.834686946089722,13.113226240022277,12.942627370695952,13.097500400750262,12.937948105921087,13.242106550862674,13.060195220590504,12.83920520683759,13.202284471984782,13.018936120097882,13.254272112093222,13.149472022792,13.060257416783196,12.592005430637723,13.073040653076902,13.128795814320318,13.081820560749486,13.142504817516464,13.417322507615363,13.185622981631685,12.815225578655555,12.949550703296683,13.222773146401968,13.114811018233596,12.587454716117191,13.033336070771991,13.138390327967016,13.20426463263156,13.279609753381251,12.600347172739518,12.83939118981105,12.84973771688535,12.641498225641003,13.40024756695867,13.295405067221044,13.37547923741688,12.603396910291517,13.088205937884364,13.291207458543573,13.529411100936075,13.848208634508856,13.11601225160254,12.972027613616245
GP,7.649522510967746,7.60213290136364,7.517141559323387,7.471476197767861,7.544257623093752,7.74523505692308,7.619646324709376,7.422111964062502,7.411315832558268,7.645229820782612,7.561603221809528,7.7559460481350015,7.492693061762309,7.736579708976775,7.612172084710606,7.420959110708335,7.781955561296298,7.559358463072728,7.794335055335907,7.72712276277778,7.597857423909092,7.498676806923082,7.556251650900003,7.641971692497946,7.658880944782053,7.659535592561429,7.910105232880002,7.725076720550002,7.445655315135137,7.549852478163266,7.747797589516131,7.595200354666669,7.265217380357146,7.594873066850239,7.670990919016073,7.718012461621055,7.79821287059,7.330464788157897,7.5410043638263184,7.372392121855882,7.272583403015151,7.931133407045833,7.890439619324327,7.996792858518523,7.223715806075343,7.763044983756161,7.821669643606002,8.08294169134921,8.360893858013847,7.787655172812502,7.658467899310349
GT,8.069590483559383,8.172065600859227,7.891877862998556,7.923440441259733,7.952793859897208,8.330127781173111,7.847712976749687,7.842723427294469,7.763969247497207,8.08123286277005,7.946185113933411,8.353127429836004,7.867258255679145,8.079189882312312,7.7716213961987,7.867275276505656,8.258723345905583,7.870767348165502,8.037154221095252,8.18984317727327,8.149549487791976,8.076179776385617,8.163719500717072,7.701536054468027,8.039247445846804,7.874775968873527,8.293195830092209,8.117041526951501,7.870962998726344,8.029677620103387,8.201138524822456,8.190900025820342,7.670529748679008,7.971886176523475,8.025420793036593,8.133979340091296,8.157069972334108,8.02067699625085,7.808858867897712,7.57510085244092,7.5412662039833425,8.104941599877378,8.291091929481622,8.404231005920803,7.531245842403962,8.333424111507757,8.100740112156878,8.48437028974772,8.805009736749737,8.17784308188351,8.199641099121347
GY,7.802209574234868,7.858906153729564,7.65718761907697,7.626373356730732,7.681546566265988,7.982612867455583,7.719713676955493,7.6115920572115,7.544079620926968,7.805620623377889,7.633394033382133,8.013239340464066,7.628588465518308,7.868417319672752,7.632449923416436,7.596182505769194,7.949383279961973,7.625413984443321,7.812218713343786,7.877438669800531,7.852352812937025,7.729287227416137,7.880711457602526,7.739330150448154,7.6960087442340175,7.742401613262968,8.037566781328168,7.827402864251711,7.559905796257758,7.753949935897398,7.897789096746584,7.904816921353239,7.4157321895604,7.737585276056127,7.788355199716997,7.880705177331948,7.913401058023822,7.6422884689608255,7.583299752569466,7.469196918714142,7.283683138640212,7.966242910619622,8.00087576770613,8.106835956885053,7.249603247341027,7.994338919647855,7.884668156494325,8.178372490761053,8.521534015579055,7.883188016987141,7.873734017152922
HN,7.762468418437742,7.870308938493463,7.5958035589801245,7.640137061826487,7.657661862083884,8.039559397135488,7.589337949507411,7.574983004696385,7.448284513119987,7.790875693437224,7.656514398659821,8.058891801176118,7.582442872733253,7.793061665357515,7.508119311770261,7.573159053309481,7.965231833470855,7.545687055001101,7.734127270186374,7.888247255895646,7.850073773849306,7.779568971362592,7.870963592561386,7.564456160654362,7.731999100442449,7.524123499147794,7.981116115083813,7.798575917081774,7.589094405652466,7.742691797422696,7.906169570857098,7.892778220495195,7.356651591224446,7.672544749936707,7.71681770422863,7.834134328611083,7.861958693927546,7.770070647142813,7.516498500857401,7.313204350978615,7.232198839876146,7.849956204576939,7.995583873451696,8.106810484095195,7.204779255596825,8.039938929469171,7.812161062424298,8.184461115591791,8.499242284515539,7.898782497053528,7.901475329773357
HT,5.133783543104839,5.195866755431818,5.00252991202571,5.054854189830357,5.067194188678124,5.335209116243589,5.037587513883671,4.9646108326250005,4.89531138097912,5.149957806880435,5.027412864933334,5.341819265060195,4.996269623787192,5.139677252230808,4.952117247844242,4.9875097440875,5.253697643629629,4.95829009966309,5.099328166980592,5.211511106960319,5.173056094572729,5.125820661461538,5.19296723288,5.054310021873083,5.098598268507692,5.052550115083856,5.0681434089615,5.149152018757272,4.995242269054054,5.129330322030614,5.227647225569892,5.207398400719445,4.908588521785713,5.052773377027976,5.089721285603394,5.172740945642105,5.195644397603154,5.173543575657895,4.942645815213158,4.835640137436765,4.7564234822424245,5.224488806745972,5.274528703729731,5.328652851425927,4.771519677082193,5.322028197490026,5.154389868001401,5.41591728661111,5.661699819791194,5.1818812263125,5.209263275431034
JM,6.482129218035153,6.569725502933847,6.377192019348027,6.357712321964249,6.390153652159053,6.69197566624705,6.430757100518287,6.326582360795418,6.255301008326409,6.500724226604706,6.383443368536758,6.7155470396817805,6.342889391477584,6.561591841171223,6.3425464285236535,6.3020580208636,6.649973828282789,6.333988843296656,6.526613547076076,6.568942641976875,6.5710463435040944,6.468032771841456,6.581850356913601,6.452067355095977,6.462345987794834,6.443921553445416,6.7230636551208685,6.475873306975171,6.320285265085959,6.454775170037068,6.596225792727237,6.607026479590871,6.120212263636326,6.4326932088614415,6.492168485950287,6.5802431605229295,6.61551818604676,6.439920199760728,6.311170306654508,6.188907895528037,6.0291305157795785,6.659656084702741,6.704010501523302,6.792372104848447,5.997393589044795,6.6911631583896,6.586629562394508,6.853583226608909,7.17750981251304,6.598632677499962,6.587228028495261
KN,14.501430110287693,14.505349571253056,14.375345886028756,14.260269204633188,14.378383702702688,14.658751724878703,14.477748653234784,14.23204183277025,14.252689163298532,14.520290327497047,14.367410824710406,14.725505443079893,14.33091751265903,14.647581324398418,14.353996439189174,14.27385604864863,14.661074807807791,14.37840390059458,14.591136882238317,14.60644103732302,14.576284122113009,14.374882543312529,14.579676125945932,14.483236001318014,14.47209609424808,14.511687216463304,14.84640107986485,14.597532439533152,13.798575880934976,14.423909022062862,14.619496256320822,14.615741986186167,13.908540714285692,14.482930443987282,14.55432201951736,14.636349278108094,14.681423991344287,14.220277624466553,14.26067406300141,14.190694970659765,13.940933695577378,14.768022331178663,14.731268586559516,14.84005408708707,13.89140257275082,14.71306020866448,14.641954115362148,14.938537403260383,15.38376204950726,14.52340692398647,14.53151120876047
KY,10.258788377221846,10.267012633580698,10.184885476268592,10.074979990160342,10.17850236747448,10.3596139502878,10.28294827203124,10.021367165816317,10.069048395975816,10.270292033007976,10.20139260728862,10.409696028866897,10.12902174644897,10.40143383688742,10.232176354403206,10.039701001360536,10.448154528344665,10.190212851354351,10.44817819533023,10.367575916099767,10.329360272912794,10.145111142857138,10.319776763877544,10.27785409759854,10.302043708791205,10.30118808313702,10.61639260774489,10.367925819387748,10.059812496966346,10.079670314035807,10.403583976739071,10.365091627437632,9.827346559766754,10.253882353697064,10.337312277208444,10.387055114027918,10.470109096728478,10.039103093447896,10.154274561836727,9.995747205390147,9.86486168917748,10.582910596468246,10.525483473248752,10.633194440665145,9.79258519575062,10.412126334156673,10.48948675904489,10.755130082280523,11.09164761444897,10.380330077806114,10.27538573821252
LC,7.553457928026334,7.615369953079154,7.470139716039171,7.408703878648209,7.464208793010728,7.737433099531269,7.546257956572556,7.3935952379032,7.398392346295013,7.569054069611944,7.498247213005608,7.774408302257105,7.4532621607510094,7.6578076680936285,7.536580247767979,7.379118053046569,7.704346392672216,7.474422868357746,7.687249192275636,7.628069715651109,7.644145346432038,7.537092418527684,7.636480707795673,7.568073834882874,7.564641702205656,7.583424689136687,7.833468343849437,7.628135274643181,7.374158563789571,7.522342809304341,7.607695063706767,7.66102129145756,7.201020913978469,7.558965792313617,7.611967090948518,7.660430065172585,7.720771541340787,7.467822722127876,7.519580868336138,7.325927098061332,7.190093714271725,7.813633089106906,7.811839290322553,7.901528628036612,7.134584838562357,7.768756534540005,7.735588714954813,7.941760459976079,8.277111296347371,7.682284543010726,7.643544430849065
MQ,7.424384721594952,7.383128552020172,7.286905713211261,7.254730962698384,7.319452264444414,7.530945393304816,7.385421548129312,7.202346046527749,7.180980064676556,7.424890580483063,7.340566532169283,7.539776784498522,7.260945737491422,7.497912195667356,7.3647686074562,7.197613475277748,7.547400893621368,7.324515324243407,7.540778983659567,7.498751456349177,7.366957092323204,7.2857405054130755,7.340493687999971,7.414445550934524,7.428279741866068,7.4266435538285425,7.669829734052749,7.495546176560578,7.227014508708678,7.34046067505666,7.51763150651132,7.343398377993797,7.039277861111082,7.365506858536386,7.437700759454336,7.481643032590616,7.558066290585722,7.112323144736813,7.304031992152018,7.148543395653568,7.053611343316472,7.680197648020033,7.642559559609581,7.748754882098736,7.006040155669683,7.548024701866564,7.574297332984416,7.831637582539653,8.104093678497836,7.544322139583303,7.440438387356291
MS,20.856642194700463,20.89333082792208,20.907660734930875,20.600669897959182,20.878666473214288,21.158187628205127,20.94290710491072,20.59284279017857,20.673788214285715,21.043349031055904,20.794427532312927,21.289226867717392,20.884393834615388,21.192690179723503,20.726895391558443,20.72336142559524,21.143653743386245,20.89891747058441,21.052027281363635,21.04693494331066,21.02530046428572,20.84022944139194,21.09235595178572,20.975920511888454,21.021040248168504,20.97236216265306,21.452865093214285,21.0905771987013,20.60165847490348,20.88456084548105,21.1394763671275,21.12112309920635,14.672422831632655,20.97386445888124,20.97254248622449,21.218367041729323,21.22183296388199,20.40305977443609,20.60000609342105,20.58104191470589,20.341596176406927,21.20491333918651,21.07285277992278,21.26423810846561,20.325678660469663,21.212577930194808,21.134687991857145,21.360994081632654,21.914883810384616,20.76854419642857,21.04515948275862
MX,7.32063724159362,7.383115978896451,7.133118647270261,7.151771684850427,7.213946045692047,7.524685542308265,7.208703530087487,7.105402097213056,6.966401912588554,7.33668377228272,7.206602613437764,7.538311598158106,7.091082081942576,7.353194053631608,7.065196029406218,7.091362129318831,7.489459823601918,7.133179954087798,7.32343076429506,7.417518309914088,7.377111469359758,7.247722019798843,7.3836228620309186,7.238888163485028,7.304504558416329,7.249866545117428,7.558661172208654,7.36466936767852,7.137659428357168,7.272707863163466,7.4590324692147485,7.408963320383757,6.935475682633346,7.147983750852053,7.2885560428760146,7.375666350232962,7.406906336749079,7.219873624575097,7.051693255013444,6.93222570147057,6.8378846369434,7.473583000137435,7.541142301265014,7.651960097374786,6.815816165686092,7.514989791759214,7.37632163027097,7.739261059682876,8.04410423345151,7.432800461265768,7.394750598118776
NI,6.868598414458487,6.951949395178533,6.71799916655327,6.7317858887946045,6.788430692062462,7.1064771885897065,6.771637608241594,6.68383152776782,6.583350148355241,6.904073086156795,6.751314353136016,7.124540929856097,6.702697373273233,6.924005485331001,6.651904882325938,6.674681423166629,7.041221631891496,6.701399177589377,6.867027556599087,6.982845592687037,6.928411698045419,6.851030767527434,6.957995204730319,6.790677270531716,6.853528972610769,6.792393989942922,7.093863571317639,6.922399135300939,6.7073054944208135,6.854392277208417,7.010288258383217,6.979411711835279,6.4324082005101655,6.786810533409585,6.798970448349199,6.948918883855979,6.975526982202742,6.828720304041315,6.639092029316506,6.495765775966876,6.3865028320237744,7.015973608798874,7.094354803175639,7.19866098202377,6.403374376967184,7.098473150889585,6.943096634134677,7.269690823707448,7.564981885088261,6.9955202116517485,6.982858464137893
PA,5.471709253709631,5.522578455023876,5.310472256967186,5.331119415827022,5.367003250858506,5.652014325586999,5.391975428779229,5.277859596578901,5.190433804766601,5.46444966996334,5.390729598719252,5.658323831882012,5.276535668237687,5.49694357905481,5.3036159473344044,5.258405401714866,5.619852800019448,5.310919943749618,5.506767663987705,5.5581956502338725,5.515943169172202,5.432959733846106,5.521071408989426,5.415290479240544,5.461933611879846,5.425765275979503,5.69293789301048,5.526528471527704,5.305387414665672,5.420189775682015,5.574805894261414,5.539408646625684,5.194287417669127,5.389975502420657,5.464973545510103,5.48688643925009,5.565126724974462,5.415843759556741,5.328716867981393,5.158634046231997,5.069216760014308,5.653020941287672,5.683391338307208,5.777627906452197,5.031303795307813,5.6604597241102335,5.561281892041217,5.8586758358646165,6.141854503571693,5.589624528881531,5.549226729546234
PE,6.386227500244698,6.455773474527626,6.209740163909415,6.2538718725418825,6.285271120884197,6.596239969726826,6.2689790973864925,6.195291089684741,6.0873711533431365,6.396402164984647,6.2770383391767695,6.606771815499884,6.179525427771757,6.396274100307616,6.138661366647046,6.196081213767712,6.528818107275321,6.201016991769549,6.3418521221583335,6.470075320476149,6.442434446579405,6.364597124618688,6.45756408798126,6.294673381506247,6.350921762594608,6.309881911318854,6.572133614994414,6.418095767074424,6.206754397924752,6.359536028405459,6.491439640452507,6.472124174643676,6.054045609844679,6.277507758959666,6.3478739138797575,6.421418994997347,6.421930861935385,6.322646795869523,6.152181829994719,6.039383066526274,5.9419184837813805,6.488072651103511,6.5596876725287485,6.652330226495933,5.933630767311632,6.592255422186731,6.399586615704149,6.725449334804649,7.011439382788001,6.462200590543436,6.477009178044936
PM,23.79541994906621,23.420816830143544,23.629613439728352,23.452316339285712,23.632346054276315,23.60765185560054,23.67972885600329,23.06909125,23.47101170627531,23.7696171395881,23.59391963157895,23.661270583524026,23.539589236781374,23.915811044329374,23.566926705582137,23.45334694517544,23.766144288499024,23.649474261435408,23.85018026055024,23.77922293650793,23.6011803492823,23.29393016869096,23.59841163026316,23.766876030136988,23.688404798245617,23.82658948924812,24.158628417763158,23.8510934055024,23.354203655761022,23.537125649838885,23.8470864459536,23.63497665350877,22.843868045112774,23.699070671499683,23.809662860432333,23.88073165429363,23.931242420583526,18.379010734072025,23.36519462396122,23.473969073684213,23.10364954784689,24.002847624122808,23.81234349217639,23.899261491228067,23.116481596971884,23.685370560040667,23.839338094842105,24.1290296908939,24.54035170465587,23.49972269736842,23.492047459165157
PR,11.530672662504196,11.535403291961671,11.334255570921306,11.26615324548867,11.412705795911137,11.69058319990548,11.361212242045015,11.262027057532844,11.096898879169345,11.547462305041142,11.294523763879646,11.71042852679482,11.261364410420274,11.572223562735823,10.872956873545244,11.28963224631574,11.69373399331379,11.259324236287316,11.233426341781,11.62198560546361,11.570888390688944,11.346041554183484,11.622018574352582,11.368125270204851,11.442483450275253,11.386084711383708,11.740798025739418,11.535410880817174,11.207667462716875,11.465364486648715,11.711911960582857,11.639752869344978,10.853881732518742,11.34395767035903,11.43310195412852,11.606672131139286,11.573844823129717,11.178261992382218,10.610501836285264,11.08876216729097,10.896614267135517,11.416996250518515,11.47957838180649,11.631728701871296,10.873500811790862,11.665776110742184,11.28009058247384,11.757960199373384,12.155718974925255,11.302729943815738,11.548574203321184
PY,8.803131800189703,8.945116742834173,8.593084340293213,8.614924960462135,8.676565238170907,9.13242922698336,8.58634548196962,8.563880733658037,8.443091502379755,8.84528493129151,8.689896601567176,9.168702412384706,8.58210803509936,8.860740180299961,8.524732395513231,8.551359671095536,9.045980125882302,8.59636417120412,8.82258536726059,8.956958648095187,8.909068464636313,8.825724458966766,8.922742710091127,8.60370363245704,8.797716994128908,8.652126939213899,9.10312872567201,8.882484847399681,8.60702474808421,8.776173507911114,8.987594568017027,8.953600650555504,8.304253931512555,8.693826494525135,8.75911207848787,8.905925687098867,8.930382437370254,8.75637281981419,8.55809854499995,8.20056788746811,8.196053757752177,8.934014956919558,9.120674843163702,9.264293158703657,8.194376249592617,9.14782921255892,8.893866151213714,9.34849202958445,9.713710361708277,9.004786116985244,8.981717110101368
SR,12.444159261339168,12.5431034141873,12.25750662777329,12.181649157738065,12.287486646136337,12.739871964024838,12.325065278486717,12.17271428276512,12.076098866761887,12.4632460273781,12.241442389624792,12.787342833811438,12.213478194087152,12.550753539991764,12.181366944311268,12.156156429318154,12.67192510258134,12.20650545682146,12.453460457917885,12.589025786243358,12.53313169173551,12.374608015850786,12.580057039378758,12.326992032127825,12.369326262183348,12.328244476239798,12.781035118606033,12.479830515779586,12.114386521130193,12.402411039826813,12.608884232355786,12.615791646346771,11.821931241341964,12.356608478126333,12.40697218267313,12.573631449009545,12.59004090275373,12.143176342105235,12.12307369297286,11.953176805880542,11.475050217180884,12.654436967679269,12.741917331367702,12.889964310998849,11.648472442810268,12.76074614725474,12.57148470761694,12.982916730784003,13.44879557083704,12.574802048295426,12.588643648902792
SV,7.598660949744582,7.697296039166625,7.437776102985577,7.487851550570395,7.491774752465234,7.833920400740699,7.369759977729298,7.433986307343707,7.2901606041562275,7.610926705002373,7.455722148554191,7.857472308824777,7.409705003441476,7.581075307280709,7.113925005720498,7.44813571681246,7.740750465637816,7.380762574499707,7.35501615424425,7.675820669281262,7.682519434891372,7.615951220804801,7.72120090704579,7.373261291658216,7.534479897799103,7.428595704576941,7.731694306745932,7.592949948339099,7.424069020367826,7.603053810753926,7.715017470827318,7.724971814686685,7.167842267757894,7.474900704956715,7.519036823084581,7.640029493919253,7.618788933712201,7.524968282017502,7.126049539992208,7.17373186868427,7.137030831315614,7.320533012663149,7.603531489174133,7.709237275545226,7.136967046961905,7.829166364200267,7.418015450094511,7.781168256402074,8.0862712872775,7.505976112204818,7.723898344741338
SX,10.649887937663456,10.635037375921364,10.55882245639057,10.507599667471029,10.56730628986485,10.768016015939,10.585846514087825,10.43575498648647,10.423572927878158,10.65853031433606,10.54245636267695,10.819809396376016,10.521490153602898,10.71074445503486,10.294715624348882,10.491225598648631,10.765094401401385,10.520091253395568,10.507650419734633,10.708330586014572,10.69646209459458,10.565737707553692,10.735136105810795,10.614040607748969,10.623741741372127,10.62885235993821,10.8363631902162,10.691933351646178,10.441944262235191,10.600255674020945,10.767852658529485,10.74196271276275,10.090410694980678,10.597088992570807,10.652047003947864,10.72502887742531,10.745032941623958,10.389093136557594,10.243260657766704,10.415020741414931,10.279140181490568,10.658160475660647,10.497228714390053,10.709037962962949,10.246266904850042,10.810965418382668,10.555434580443231,10.824347743457729,11.162310099999983,10.457596505067553,10.685164642124867
TC,9.743832421146946,9.69578318855218,9.673847162203096,9.629602839285706,9.693034184953692,9.831920069325728,9.6883553362905,9.526556479166656,9.53332032613304,9.755593542190006,9.653686311463836,9.872646831798704,9.633149467817654,9.788596747796886,9.448325197968568,9.614652313888882,9.81610638408778,9.615831534121202,9.625125954717165,9.794158835978823,9.792170571043762,9.636029094966752,9.831706562222212,9.717396901405367,9.719919147768271,9.730296187798931,9.880704555129622,9.770512172188544,9.54094697997997,9.69818385865456,9.847759213460762,9.838375252469126,9.272013240740732,9.698124005897805,9.74657040001322,9.809482662787516,9.827892712808366,9.4662283528265,9.385628195048724,9.548856274172106,9.417404378338937,9.754083479248962,9.699255180180172,9.635297872427978,9.409613479959404,9.857034753737535,9.673206157718512,9.865728058788935,10.192866034575486,9.527567145833324,9.729979835249033
TT,12.7226745429076,12.832684568368578,12.550455987237344,12.45585227610074,12.552963414537627,13.00174089185103,12.645517107487976,12.45399633570201,12.401594326000684,12.737986914067854,12.562767674807525,13.059279212917891,12.499250910318404,12.8615159296757,12.495509221622626,12.441133414109547,12.960470764231312,12.510953209422626,12.78854078249,12.861952820308725,12.84976721616434,12.667163612082852,12.861846354020509,12.647628582130004,12.665903282465708,12.631481803542032,13.126788225027354,12.77875050062636,12.395512309885186,12.660791457981508,12.884032268227974,12.89887737028154,12.136670636986258,12.66519691845058,12.7545006391981,12.8663753958846,12.912410097865536,12.48666530281178,12.430617149209766,12.282156209302537,11.97912935439182,12.985030094907112,13.039700966308732,13.21283032420087,11.81636016737471,13.04370666959194,12.873227842052014,13.289487768645316,13.77369045021914,12.854593474143792,12.856437202361796
US,6.572251112199222,6.470249683952641,6.4837294104985,6.372188740417487,6.51209149877646,6.52028724555788,6.584910499208329,6.343559403929215,6.351492418682153,6.558933981638967,6.433724096678961,6.505194213774139,6.409924421234696,6.657999949248791,6.529490123924244,6.355483646570864,6.659222059729921,6.4789972499747694,6.704812901963682,6.6060045651423085,6.537203954359875,6.288937014457763,6.538139906483388,6.586771226015861,6.547603329554605,6.603605852196439,6.814261120217252,6.609484444753227,6.354134320580913,6.4172969711696215,6.655168338987686,6.577826291260487,6.160534281493462,6.501334919305764,6.586563787902564,6.6324956994690885,6.707999127522695,6.192518640662634,6.359856822943151,6.372573547050906,6.228367433618359,6.81419378692754,6.74136385462342,6.797215972761066,6.180671044374004,6.483308534691386,6.726895143242747,6.914020307762725,7.158487516722165,6.6246447340141605,6.448947421457322
UY,7.89729351008387,7.969626549963634,7.691684401528437,7.759779986385712,7.7590931703624975,8.115249359364102,7.699445292207685,7.715059616499999,7.543110702360942,7.894953086462607,7.7436654840609505,8.135663826168017,7.667345498922831,7.881639990821713,7.358448752972725,7.725643188066666,8.038812189140739,7.665593839684655,7.627573406232438,7.966215599473013,7.961787316585453,7.881686012389742,7.986512043605997,7.743834703937754,7.827680043673843,7.7655754624243425,8.0363702680014,7.894698326030909,7.67277570455135,7.884404873330611,8.011747996675266,7.993846399651108,7.472391820428571,7.752414235090295,7.820934748420428,7.923065344672842,7.905077798312885,7.73623365273684,7.363918771947578,7.50835796297847,7.428853471253334,7.792790350094557,7.875580493956755,8.003134854014812,7.399939694106851,8.116642620515519,7.5569098087179185,8.084180088692062,8.410765483143262,7.771744860524999,8.008199236937926
VC,7.921277122375823,7.953735473304465,7.870508293408592,7.830125237244888,7.864676094444435,8.065320467236457,7.889518523891359,7.806565534722213,7.761609941207682,7.953287406763276,7.844672737641715,8.112027702047609,7.846308247778987,7.987066052885295,7.671002667162086,7.819042322089938,7.9980832657260335,7.8321020278441456,7.82558396207791,7.929001457042065,8.000050737662328,7.905781064306055,8.033675500873004,7.913356291052394,7.907275787464377,7.923766925115638,8.083789096134907,7.94754339976911,7.755250401973392,7.935939606090046,8.003811151220335,8.037078058730149,7.484589319727881,7.901245074025999,7.933420347516997,8.006350698020041,8.016831926937188,7.811816658312438,7.627679798370919,7.748875250873006,7.626176903944197,7.941834565925916,7.930385066495056,7.981548164609044,7.602091030223952,8.089659194559296,7.870071498215863,7.721217232300315,8.355154808948708,7.786073499007928,7.9747105719759075
VE,3.0772823804515834,3.0735033075873823,2.9854667376000426,3.018776806486234,3.031166477871605,3.138871845069004,2.99731665671973,2.979128524706701,2.8915947226994083,3.0780310223926124,2.990282011452351,3.1376124667407126,2.971791714519018,3.056128677585454,2.8499485314178497,2.9803447853153555,3.110667760492848,2.9641434968926,2.9499137089459144,3.0900582418913,3.0745891268761936,3.0106670960473068,3.097716165706124,3.020084236222889,3.036525810450858,3.02463659220786,3.115660127483471,3.057558483841718,2.986563546388744,3.058545636426971,3.125250485760103,3.095622652856808,2.824567546648322,2.9921767459631123,3.0147999070662896,3.075617863895598,3.088910473089017,3.009227170242885,2.811527072091267,2.90018208116531,2.878144242165705,3.0330260949698213,3.0544359212057914,3.094774638564073,2.872382209966251,3.1202149016872167,2.9827453908355395,3.141243307117186,3.286633593700053,3.0120717452980474,3.082679585779811
VG,16.870038426411288,16.82086013352273,16.81220703386492,16.67740792299107,16.793470078515625,16.95707292948718,16.83593219142578,16.569589621093748,16.652580110987984,16.89334781711956,16.77887551398809,17.07591145704348,16.755484528567308,16.986452699572585,16.529957573541672,16.706087003125,16.97799573379629,16.776472253363636,16.764693844948866,16.95402508134921,16.957487672727275,16.751295905448714,16.9973026728125,16.865742773664383,16.87100500416667,16.89700199705357,17.108666726312503,16.951506541136364,16.599033613175678,16.82005329209184,17.003248924731185,17.008676306249995,16.151053125,16.853698166085096,16.9181634259375,16.996213081513154,17.012496873152173,16.44142335526316,16.431363233289474,16.66408302875,16.47697591193182,16.925556112204863,16.822547518581082,16.90230094212963,16.42611042619863,17.059197311286933,16.816549960525,17.04498718948413,17.48489693760577,16.15860919921875,16.846112857758623
VI,12.731973127919892,12.633597830720989,12.657967074410433,12.514974620073872,12.681635791379287,12.726418465075136,12.748791610441792,12.411661374999982,12.52324866824746,12.740661991004476,12.639474972577974,12.775322592509722,12.595657267891228,12.850976800824228,12.707288410658286,12.511936097413772,12.838527931034466,12.64681712724136,12.89801979086205,12.788874819376012,12.741743651097162,12.486391008841714,12.747195140689636,12.76662053228151,12.740630745711735,12.778774571152688,13.015128516810323,12.81918163351095,12.486217639328965,12.59418869387753,12.843588553948814,12.78387229540228,12.306748152709345,12.694728044317388,12.784581419802937,12.834895023557149,12.906385202032965,12.312827858439189,12.55628723417421,12.520093763245416,12.369897253918475,13.02255808612067,12.92919539701769,12.983793372924634,12.307033895795914,12.762579740109384,12.93208407831722,13.1127040038314,13.434584519466824,12.725192599137912,12.454109708680118
