AD,AE,AF,AG,AI,AL,AM,AO,AR,AS,AT,AU,AW,AZ,BA,BB,BD,BE,BF,BG,BH,BI,BJ,BM,BN,BO,BQ,BR,BS,BT,BW,BY,BZ,CA,CD,CF,CG,CH,CI,CK,CL,CM,CN,CO,CR,CV,CW,CY,CZ,DE,DJ,DK,DM,DO,DZ,EC,EE,EG,ER,ES,ET,FI,FJ,FM,FO,FR,GA,GB,GD,GE,GF,GH,GI,GL,GM,GN,GP,GQ,GR,GT,GU,GW,GY,HK,HN,HR,HT,HU,ID,IE,IL,IM,IN,IQ,IS,IT,JM,JO,JP,KE,KG,KH,KI,KM,KN,KR,KW,KY,KZ,LA,LB,LC,LI,LK,LR,LS,LT,LU,LV,LY,MA,MC,MD,ME,MF,MG,MH,MK,ML,MM,MN,MO,MP,MQ,MR,MS,MT,MU,MV,MW,MX,MY,MZ,NA,NC,NE,NG,NI,NL,NO,NP,NR,NU,NZ,OM,PA,PE,PF,PG,PH,PK,PL,PM,PR,PS,PT,PW,PY,QA,RE,RO,RS,RU,RW,SA,SB,SC,SE,SG,SI,SK,SL,SM,SN,SO,SR,SS,ST,SV,SX,SZ,TC,TD,TG,TH,TJ,TK,TL,TM,TN,TO,TR,TT,TV,TW,TZ,UA,UG,US,UY,UZ,VC,VE,VG,VI,VN,VU,WF,WS,XK,YE,YT,ZA,ZM,ZW,region_1,region_2
0.9547659462539128,1.000129130058316,0.956135357506414,0.9209714791035148,1.1322519742388928,0.962985071190356,0.9183472987255208,0.8799365267107262,0.968162060549519,0.0,0.9325723523642802,0.9710690711038168,1.0599109964014342,0.8930930345446488,1.0601897480506863,0.8618933747042213,0.9177211868716604,0.8683249332219563,0.8711838556765553,0.991245026437193,0.866039732880263,0.8155765327630411,0.8417379547198,1.0559417604580708,0.9701125640880824,0.910288709577118,1.4460236824157653,0.9641435577650216,0.8571947418526161,0.850531907608616,1.000736539479557,0.8959130562183485,0.8557410145687736,0.8573528528313764,0.8366875472648704,0.8253683261297216,0.837581904953842,0.8570146947870658,0.8818883255711406,1.656437378163416,0.9474984645850296,0.8399340918091078,0.910311718324288,0.8714420752328242,1.271999026509511,0.9136042078167076,1.048374313956549,1.011176706196461,0.8939116151151051,0.8653617241711926,0.8386440791484733,0.9164346318330951,0.8865285788528167,0.8841187049928831,0.9184810381616284,0.938548635046618,0.8691380528741384,1.059756595534441,0.98483983893787,0.8841907163049312,0.8737369102047834,0.8836204323678909,0.8389767174987687,0.8533205211625656,0.953046507138832,0.8654397626474748,0.8159425315745282,0.9061226634525368,0.8392647455379844,0.8797683777702358,0.8249940960250588,0.8453099297727729,1.372319660817138,1.0972333329857993,0.8599309178051731,0.8517811306521036,0.9514066475940154,0.9401752254078672,0.9893392270481324,0.9274810642884816,0.8234618807020919,0.9004704919779835,0.8473511450617568,1.251423636801538,0.9290611071037272,1.09938358600604,0.8582394390901689,1.0058658955178523,0.8981088375566899,1.0331004876088168,1.048017087431267,1.1667599294180866,1.0148232609113166,1.1232304534236135,0.8284614709127912,1.0144549571318715,0.8594131691097158,1.2659474450470016,0.9008443313267304,0.874638593662612,0.8844542819669727,1.145025642871259,0.9380975626914576,0.9282546357416204,1.2243849593548188,1.1383452071777784,0.9531326843739016,1.1324383886305036,0.8893398211684872,1.042217571130844,0.971567152447169,0.8490489991145279,1.4545383882160698,1.0102273331060785,0.8180721995476032,0.8380531941146616,1.2435341437691954,0.9095435308330788,0.8853490318276062,1.0388782179410203,0.9773811941335968,1.5035470336557288,0.8940207385001394,0.9521134044275894,3.139381518352507,0.8508602369826077,0.90349894035508,1.0320876970136492,0.8709891034362359,0.9998051914752984,0.9521369609954532,1.2977721647595022,0.8988918474968035,0.930360014740182,0.8673703856338962,3.1485207545775844,1.1196289156867152,0.9996036718099988,1.0534597716150345,0.8448285279426999,0.9278813203208234,1.3106657083352846,0.8307328005347357,0.8352315311108167,0.9608310348490504,0.857872562334652,0.8337132303889015,0.873904655876226,0.8849131881781149,0.8607943135328562,0.9148036763840964,2.248774187522692,1.044585397354786,0.8821588067100384,0.9193551964561296,0.8460704272973475,0.8806908929204914,0.9721106983827076,0.8459486429404677,0.9437354321666008,0.9845260808877034,0.9048632532460126,3.0100722547491285,1.3170569871380786,1.2848576569047891,1.0782761860145915,2.027813972345405,1.0308091337857967,0.9248111833749524,0.9298555685936204,0.9998530250290651,0.9701833508883572,0.905605693359424,0.8643486776860624,0.9085148853516584,0.8101809030699857,0.8493426242665643,0.8878110134180154,0.9428059739124252,0.9576849149891568,0.9336893909231394,0.9685737796189108,2.4240497639630645,0.8855313100700019,0.8666532768612603,1.042200765181251,0.8762995955401205,0.8701109623801948,0.9967585120070862,0.9579595356208837,0.8528137467746668,0.9703175734033326,0.9229264428304854,0.8394808411766426,1.4558802053896758,0.8590645749320536,1.446083902257008,0.8628543516037059,1.0033272817113403,1.1230500723904382,0.7584296133277572,0.9324971844841584,1.113427801401586,1.7880229830900698,1.3699744225079709,0.8918291706772208,0.8928366343786875,0.8410950586160535,0.8370628399669096,0.9715291976623066,0.8781944027692169,0.8296871564321988,0.8461479557422434,1.3698345226026318,1.0659052832390783,1.5512265037766253,0.7783890065995246,1.7842585927493924,0.7648818732613396,1.1956576694134111,0.8635441167235316,0.8695911417645794,0.8187239060258042,0.817518285381162,0.8482795860764972,Oceania,Oceania
0.7466673531351955,0.773566800065332,0.8699853553151187,0.7795768709871594,1.0851168199764274,0.7155358784572579,0.7076803433299342,0.8636569164417772,0.6433370731580706,0.9710690711038168,0.5844763899745308,1.3328003749250113e-07,0.8332435265815622,0.7568014042916754,0.7057579067354792,0.6133235818167255,0.8438791667920548,0.5456506596381047,0.8129985418714993,0.613431106725216,0.6376324870818353,0.8547777014869047,0.8540784511741372,0.8399086722208988,0.7296873901327809,0.7360526642406844,1.3658655826672204,0.7307074387146787,0.6132319136111277,0.7814406287925856,0.8300181797310415,0.8169036004223543,0.6097369764065113,0.4528923724844233,0.880537417810143,0.8948395867690867,0.8605456308786064,0.5642273683657373,0.8194100633720439,1.6376779271220685,0.6202731245493942,0.7972989775073623,0.9212445477518992,0.7208616126991257,0.970249926601147,0.8261097460609683,0.7817878087644601,0.5680644547125852,0.5632430087603296,0.6224650907693539,0.8348891804358121,0.4834577279230562,0.8581104724909703,0.6969030216077674,0.7368197445980681,0.6909799308041198,0.6147675892760537,0.8290898775593343,1.0769940653711536,0.5751153628164087,0.8951987029088666,0.5937752447642916,0.6600831193976009,0.972428398918144,0.9153332518808024,0.65461859022479,0.7835559495951322,0.419509026316632,0.7188996001743079,0.722176404688111,0.7343428333225335,0.7958385235808747,1.155759334908944,0.9555974174659652,0.8629126719603605,0.8034439300663342,0.7654157761946538,1.0043542054286103,0.5859112827436095,0.756962613624685,0.6263595271385725,0.958369327523166,0.6363715586078273,0.8947118611335867,0.7846309720148603,0.7522343823391687,0.8091591715070192,0.5323258315827962,0.8096139318106959,0.5279568050360247,0.6118905633975263,0.7668763703470213,0.9354029514877908,0.8645417476420916,0.6491727317980787,0.7004959582601523,0.6954640658119201,0.9515091414639903,0.8503195730495624,0.7340999320407914,0.6877478464457145,0.9889497893501548,1.020009463904674,0.9852721961432552,1.0528879703830851,1.0185376837408595,0.7699853027022368,0.9380930892557148,0.7112434843620916,0.8560364259823386,0.68176588130054,0.6470415519374121,1.32851031444414,0.8488825602605243,0.8286668886172378,0.7983538671336424,0.8850589817368966,0.5585529293150954,0.5827413917491825,0.7838353712587733,0.8398053634857189,1.392013515309923,0.633784500326429,0.6133719898924571,3.0872790137552184,0.8499101012193356,1.0123958762332446,0.6308374517494649,0.835769901875107,0.8624835247964939,0.8417467388653376,0.952015961089051,0.8907301619861882,0.742305098814177,0.850868753535832,3.146090656302611,0.6678216902453066,0.664130109101403,0.7737951175971997,0.8506907071491334,0.6683355481965073,1.001126210660762,0.7881064960009293,0.7083176724337995,0.7005521038499477,0.8320687574663811,0.7646147357759961,0.720986267533717,0.5476353329686837,0.5861792502440852,0.8051567886812867,2.2937429894967725,1.1197246612243204,0.3684156385375487,0.8125490679982926,0.6776414573557382,0.6983617624257165,0.713722512491292,0.9036204304186216,0.8910968178100408,0.857035781294681,0.5990444200884698,2.9356702745350605,0.9463455754795388,1.0251366774195994,0.7358830281548948,2.1032880011096915,0.7662148575205505,0.7598529258794734,0.6469520781256848,0.6903045417498788,0.6441173132289698,0.8189691369171008,0.893935146365612,0.78024797516722,0.906492069156731,0.6886658058786254,0.5712588094510561,0.5519411224409232,0.6173696936671607,0.5347348675852448,0.9815236797286734,2.3175796351775992,0.8212597719893495,0.8137485025733074,0.7801975184107,0.8789410617407275,0.940952592886654,0.8232449568775829,0.843499575188585,0.8629864460784923,0.9485385463365194,0.9667985766848268,0.8748672444164197,1.1587755422889354,0.7670774052320467,1.5012605759673832,0.8763854663260227,1.0495104677659173,0.8766900230309616,0.8667649366573157,0.7438203191905828,0.7840155562999078,1.7401704945696204,1.0538346895497244,0.8818385876270096,0.5882114534488067,0.7708171941798088,0.4671669447983306,0.5886153254692013,0.6925455532419538,0.6958179813817779,0.829278785121098,1.3482406024093676,0.9954237988481586,1.2807241232332942,0.7998782629767478,1.770013214093858,0.7927282778726372,0.8788206193233087,0.8172422757238738,0.8525740019517205,0.6811910228384159,0.7438287618547401,0.7951414717766079,Oceania,Oceania
1.6776714523397651,1.7381267838256715,1.73012622124013,1.6593416608320115,1.7146200456154808,1.7126445892862243,1.7394249482766535,1.7509400747324837,1.7258431557377212,1.656437378163416,1.7040515279053414,1.6376779271220685,1.6680807682976957,1.764350696755129,1.7291337446180512,1.6761356532073732,1.765543760321149,1.696718705722966,1.7400130152086772,1.701973092159616,1.6965285199505076,1.7413037478663698,1.7531401670369955,1.65946305319538,1.6872214733200834,1.7171117186572096,1.8578404567765607,1.7238521562594635,1.650499598628651,1.690347938660081,1.6994550665875947,1.780333348563307,1.6605436002938776,1.6544269492620345,1.7559542626906115,1.7454860479164738,1.7420896230684606,1.696898576593339,1.741453956738266,0.0,1.709456219723302,1.7322039857549554,1.8114838231099943,1.7395422302801669,1.833515382045715,1.7120699593992292,1.7180149633645718,1.6584861171601766,1.6912391068488757,1.7169997230988563,1.7480322179925714,1.6986105502241051,1.66371503542833,1.7223629187025815,1.72580829501464,1.7199802984562456,1.702674580042947,1.7623641291387222,1.8607148087827416,1.6952853099398812,1.7762143264588488,1.70387019165203,1.6358346504858017,1.7275184848270224,1.679588094170709,1.720437833303801,1.729569549144607,1.6641824607771891,1.651654411250614,1.7408978069575909,1.670986447586133,1.6924601657221554,1.751595636348191,1.684132292203623,1.7574439513287543,1.723627862637468,1.7108760166350727,1.827923401589654,1.6852598518962207,1.7307324493261529,1.6277533306347611,1.8015800206381003,1.6756012344678828,1.7731319810256168,1.763549479385684,1.7229460264400052,1.7462510757543614,1.7002366852944288,1.7554775461745034,1.680279523419978,1.7007506601969131,1.6853596968368778,1.808426325018599,1.769441176136679,1.6726092155140828,1.7212171093087854,1.694506886196375,1.8275757406299369,1.7958963225558866,1.7029977606425215,1.724653749051398,1.837751030694467,1.7664310514205992,1.830309361695802,1.7293371084448232,1.8480039262085308,1.725236596759773,1.7232639083783003,1.7410804579767665,1.7706069890409986,1.688208450953575,1.6511176689845906,1.879622755822476,1.7624830711380732,1.731354253947608,1.7281444555673642,1.7781333147344107,1.6821874488577595,1.7001984442641431,1.737236900150638,1.737849947256168,1.921817792805768,1.7149944421465837,1.6908905570098598,3.201954015890924,1.7078133517472356,1.705983997105913,1.6973451646333246,1.7383878483374509,1.767880634259293,1.7608917640098762,1.8104362359981905,1.609907797829135,1.7034849515861064,1.7721380913269091,3.3143976404099846,1.6825566553579991,1.658712836271669,1.697749038935113,1.7540527772996657,1.7059872145538788,1.8111002182113636,1.7131711121528042,1.6868208051947895,1.6825514789256413,1.748234972853702,1.7048386469319818,1.706705411342954,1.7089123498519725,1.701765080710664,1.7009230140905611,2.498062372390711,1.9284008962165813,1.631415131187938,1.7590739657778134,1.7140058218574676,1.720096389813608,1.6684561172678911,1.7352582246189134,1.721460140736515,1.7626861015381785,1.7077760339732533,3.219136255439407,1.7970857947304115,1.8790396052700484,1.7378342027587077,2.2536276867499945,1.744196192767281,1.7113459960607804,1.6823038854334906,1.725572747679359,1.7065773650683735,1.786732815819569,1.7762114569693517,1.7475256990460362,1.7324671793630375,1.6151404785995025,1.7069479650412644,1.6677231637538694,1.6827400098615086,1.6849089682120533,1.7438278392943016,2.5693203370142226,1.7460942290491253,1.7288037788373074,1.7154669766241395,1.711721556703502,1.7779207513108497,1.7706213547725511,1.6305419550555178,1.7384054469023051,1.6516095885196551,1.8149255444604468,1.760947826919296,1.9189158285292225,1.745933238811954,2.172263799939804,1.697913631425683,1.840719486457824,1.7569544752239132,1.6715905643745537,1.7669414333122844,1.7141460726345152,2.242273898045135,1.848496472409353,1.7586759712408346,1.6956195498908788,1.6838766387483672,1.6393927837199411,1.6896631814968306,1.7382234612332412,1.6556196001070795,1.7528648336662322,1.791128219840669,1.651177107892698,1.9833037407499745,1.6731759430288504,2.2780104466351383,1.6486043955258325,1.8073487136551856,1.7500928237450293,1.7557190178985893,1.7113742539313952,1.682080047823917,1.7296635739565525,Oceania,Oceania
0.7934277954320055,0.7063926595981516,0.665101452231612,0.6941816373967757,1.0754927846630318,0.6160789959843328,0.7088845468294915,0.7008612008829705,0.6842723979201123,0.8389767174987687,0.6891173647242467,0.6600831193976009,0.8485002883065409,0.7080147451046741,0.7402987764294078,0.5677299828564382,0.7016859484220113,0.6302719837057742,0.6369663439691293,0.7111913790012625,0.5630625197489156,0.6474372663061666,0.6932398080243841,0.8917067245742728,0.7204405422469777,0.64534828446509,1.3832332172909263,0.6911042833403314,0.5570639562391073,0.5635261563458254,0.5741155342763286,0.7986810977657152,0.4874313583192359,0.5827630481095925,0.6685765498930056,0.715770077159186,0.6618874038472576,0.6279409687836586,0.6570557103900089,1.6358346504858017,0.6442831368773605,0.612552469588528,0.8403099750145119,0.6726015767575113,0.9788492800718565,0.6708423214109236,0.7612030172166773,0.6624882433661804,0.6346658389580078,0.6711944344303851,0.7159161943604541,0.6327111899271031,0.7746396028265731,0.628260424614867,0.6760606244583522,0.662937293883199,0.6811425571672814,0.8241246203532658,0.976068016349,0.630098929731068,0.7344428018289229,0.6814635885712162,0.0,0.8218204341071964,0.9184081130718564,0.6840820229491266,0.6126195066933212,0.6155297121525698,0.6572097113004268,0.7134535946940915,0.6840101600142674,0.5823585100639124,1.2511714880145348,0.9763563000565868,0.7180859032422292,0.5987383703277103,0.7645444724422474,0.9165293672496178,0.6566054639470457,0.6317749805298333,0.616053813903735,0.8395597180987969,0.491654135635271,1.0211863172174014,0.6836616323875278,0.8129237684907431,0.6555972776539385,0.7193539450977298,0.7289939882561562,0.7162085134046265,0.7502437681979486,0.94170920104545,0.8600613198368126,0.8322122462418501,0.6805254664649908,0.7437533573584828,0.6038203494752638,1.0126089879127431,0.8021119063955902,0.594878757295803,0.7000293950036768,0.9045908775203176,0.8713833339648271,0.8857863854249778,1.0496571455824266,1.0079517479988167,0.7007086647699294,0.9390822419353524,0.7295864118140516,0.7560598065685643,0.6526229876573592,0.600226954148767,1.411664881613509,0.7530510700848083,0.5595744907555625,0.5986183125321746,0.9975180167415336,0.6489563664816401,0.6420402666437472,0.7065055607863178,0.753627623264367,1.4588835448441408,0.6726646004133301,0.6313278462914603,3.107520053501799,0.6212801148572901,0.8951043038887713,0.6666658438417454,0.6831192187268849,0.8099179268523271,0.813235742196111,1.0628436101995502,0.8455450608425817,0.7367245273787073,0.7107231885273753,3.086186498598026,0.7614477313180099,0.5852469329873687,0.7096828767273785,0.6926004254646168,0.6500144921108892,1.0418377241077212,0.5999301432121107,0.4726031385055772,0.7221007227969343,0.6781570221822582,0.5849649713743643,0.579928763594659,0.6538724079522311,0.6430200366021885,0.5919579850583431,2.2094687153637778,1.0447979193566563,0.5538141578964729,0.7253765993824568,0.6282841432197739,0.6153823545859268,0.7215215461786033,0.5885966952861399,0.7963584099779294,0.7296204032045394,0.6665382079454709,2.945997681853921,1.036645685323368,1.0145960079503114,0.791813481154472,2.0633586670190374,0.7286257050769145,0.6638340675375797,0.6727189166254588,0.7540310594476373,0.6582090764418883,0.8007360211749511,0.7403693168977873,0.7007485741773596,0.68424259497578,0.5783595498046995,0.6354485156521289,0.6350338484698892,0.7116484652768206,0.6592198959495137,0.6837104846562355,2.3974032320577514,0.712473193536426,0.6243126683385201,0.7069686186693709,0.6258565241746687,0.7989380868504016,0.7265342914354317,0.7999738130610465,0.6639522206468448,0.891283255058359,0.844816186264004,0.7130059543687229,1.2113855057504048,0.7316723617622799,1.4462374259754165,0.5991845193363423,0.9815740361465982,0.8569082729201236,0.634925242021611,0.7394324799505035,0.7525018133646355,1.709854272659644,1.190108731110055,0.7114735604656548,0.6583375686001337,0.5207280107947612,0.5768159742884457,0.6858456049961184,0.6962572738655998,0.602464912288178,0.7150713474758893,1.301743611989129,1.00223435678419,1.3263016914040078,0.6189077677295978,1.6975432935128931,0.4989138917007579,0.8512972152280264,0.6642067439409407,0.7923449044018563,0.5994597538707227,0.5057459454531602,0.6276789414034535,Oceania,Oceania
0.9174920666805836,0.9315676884039048,0.8265699699192212,0.916072417255895,1.1654085698598595,0.9393927812597788,0.770240001617097,0.686400388257253,0.9028539045532216,0.8533205211625656,0.8542599541211293,0.972428398918144,1.128444737429504,0.694003151260168,1.0466440765214908,0.8283218366492698,0.7330569895564822,0.7585734206964359,0.7048503557851783,0.9408273422955706,0.7813174603868779,0.5663935696924541,0.5823417365485724,1.1481243845073197,0.9304726494835752,0.8088334801076149,1.526451518818959,0.8997364898394572,0.8221397191914923,0.7005085011577366,1.00686378496815,0.6349200630141913,0.8323816798397041,0.7810615402361277,0.5841785833403563,0.556785615867326,0.5949907290354031,0.7459508824448251,0.7141079271344191,1.7275184848270224,0.9012705708189152,0.660739568211812,0.6006102291707479,0.69777002898436,1.3078329485707791,0.7936036015374289,1.08469988593765,1.0163765384245256,0.7943258049487754,0.7186942862500085,0.5872066394413282,0.8478674689555338,0.8453718672657243,0.7891861171908839,0.7737811293398195,0.8696520649433418,0.7229102017211892,0.996431538492995,0.6684102409965641,0.7740905276511921,0.5964281477970828,0.7453440108605639,0.8218204341071964,0.0,0.8947746363542259,0.7141720885945928,0.6020459530256911,0.8619045279579585,0.8159696322812012,0.6925984396887215,0.700581406622089,0.6969061260887547,1.481674253709943,1.1403118059321615,0.59345915113035,0.6667326564267373,0.8827569927453447,0.6360342155354447,0.9740337352377292,0.8476283308819182,0.8054185638923519,0.5895786685421623,0.7900861689796571,1.2790430556779802,0.8350492251570238,1.1246770797723755,0.6885059386092036,0.9718413232187868,0.7028211795606021,1.068838498409184,1.0430735262472757,1.2419364728734954,0.8384618984325292,1.075735134172016,0.7279161111873719,0.9948508720128572,0.7840410875660137,1.2747996441873009,0.6262457191029327,0.7413282269892469,0.6926360858738809,1.0840967500079384,0.6533452520050578,0.609117191186412,1.318915405423127,1.027155697888669,0.849541906649535,1.1980792819495358,0.6865049807133784,0.9716774991994694,0.9095410255270552,0.8342676568295293,1.4924814446622687,0.9036346369944688,0.6144080235058982,0.6314375570552679,1.2499447259218728,0.8612337444453719,0.7623373702449656,0.9978049044191882,0.8576123501878856,1.505513840683602,0.7568993472488378,0.9159959655681168,3.203343483978043,0.6694799007510887,0.7376965539252235,1.03889676727618,0.6571273375617454,0.8749561700427767,0.7885526952685716,1.322055104499588,0.9052570893490028,0.8490029672939521,0.5938127004811741,3.185198407615072,1.1894178225064798,1.0255241741459264,1.066004284757559,0.5948200670115131,0.8615433464747559,1.3452610978154105,0.6469962831693995,0.7274443614459053,0.939972247726002,0.6011194978303062,0.6524289540224937,0.7949767701420349,0.7675480740821221,0.7398133617072395,0.8004989467945951,2.2602122270675022,0.7091424359837946,0.862413378941184,0.7294772213037971,0.6849759206849174,0.7579776139414734,0.959432794371068,0.641066116983299,0.8119374031323622,0.8548966542847707,0.7861009127046646,3.039738215664647,1.4000015588427286,1.254783913555213,1.0756008228124816,2.092767603778236,0.9969821665739712,0.8179496074117257,0.8674260571345328,0.9273115402987786,0.917538978762304,0.6489248768482043,0.5885649436638145,0.7376579858114548,0.5634861821108402,0.8239387548383227,0.7725873271121819,0.9064661228611436,0.931571191677806,0.8621923585434433,0.8517599850872959,2.5033180324570083,0.6695427558257208,0.6636645608845307,1.07598528059446,0.698481520096798,0.5875074207000368,0.9360975825246982,1.0472832863951476,0.634761886131365,0.9698388366108232,0.6204899416815888,0.565215825059028,1.4802800442170638,0.618768162885495,1.1953279551817384,0.7231607917055698,0.7475348795377561,1.1042700870953883,0.6159869512679627,0.7781533080953368,1.1885395690546536,1.7149727592129156,1.400992011815387,0.6652522749331757,0.7716288878159768,0.7103835971585886,0.8117714206237386,0.9252491755946566,0.6718167872311192,0.7765905267777181,0.5942843648085928,1.4768279707991712,1.16377239866937,1.5867745618978957,0.5907430325244739,1.707772442297235,0.6597170146990284,1.198582052746716,0.6483823014739135,0.6303832220973206,0.6244376886851801,0.6983691014281759,0.641254346645471,Oceania,Oceania
0.7114517358574921,0.7353164681096456,0.789656582954209,0.6881937040733739,1.009604282504817,0.6962170971401803,0.6131903747273967,0.7424709120421794,0.679735252758118,0.8234618807020919,0.6096944666710852,0.6263595271385725,0.7949259656677858,0.6513705900417132,0.7780349561365929,0.5189589913475943,0.737413970911237,0.5367395216396653,0.7009312920341715,0.6615204916442151,0.5807350745437516,0.7025430847523461,0.7041603317871145,0.8083561542773905,0.7085355999839791,0.6633963631895822,1.3457507293019313,0.7192715614278639,0.5174664698521418,0.6813989648954353,0.8215690620630175,0.6903315615010069,0.5540726093827811,0.4996459615062406,0.7172050240922564,0.7344787987167988,0.703290250299201,0.5244702099561598,0.7202173160660409,1.6277533306347611,0.6365584517523987,0.6708624346973473,0.7698401094194144,0.6418781030559951,1.029574744956907,0.7244898197205191,0.7464090166516547,0.6490881030478385,0.5564802410667351,0.5784280470153003,0.6822301542246124,0.5336052741683794,0.7483316204921466,0.63112399810318,0.6962483102062251,0.6928959155773645,0.5732451253570555,0.8338038771185335,0.916806859020741,0.5740051733608289,0.7581486951526073,0.5606375289823989,0.616053813903735,0.8054185638923519,0.8255142600521205,0.5906707828761877,0.6292798105388415,0.5399255555368909,0.6188595364812582,0.6318194864594874,0.609842260478311,0.6839764077474287,1.1936661197990206,0.9603695349827048,0.7141016096497231,0.6753724606428381,0.6917329725286572,0.8454403893675967,0.6503405013457925,0.6939810936316237,1.0106459234841569e-07,0.7973147513231652,0.5795111567722206,0.9628402935593876,0.7163227696515456,0.808716944181274,0.6838736743436332,0.6405061255180963,0.7219275257761059,0.6991173105017325,0.733085694022129,0.8868956068391342,0.8527921648662006,0.8965528261157872,0.5607207102219522,0.7343676438088435,0.5721559037778344,1.0245941133359904,0.7183600029197815,0.6706583194495506,0.6070623175245939,0.9515038207254444,0.8954576039248929,0.8253242665146638,1.0439707621130587,0.9356198841953476,0.712081775666951,0.9147318172872464,0.6242167904199527,0.7976983531574451,0.6724285681564629,0.5716234768092674,1.3566339042931874,0.8003754778034758,0.6917281420694634,0.6662386607184446,0.9644906211159964,0.5681739184804446,0.545459772158917,0.790358718612101,0.7687277750035142,1.3805408678907982,0.5894018344991759,0.6285810540262261,3.102245321001316,0.7054846558398066,0.8899134147779945,0.7159985410797874,0.707404532257972,0.8151456875117841,0.741540271972421,0.9971836058327918,0.7566455762926872,0.6611515323543999,0.7209013337386178,3.1148803233608446,0.8029175031756807,0.7091714010906721,0.81078247875947,0.7033787593022214,0.6438647497340796,1.057993985389149,0.6565770461952728,0.6069543997927466,0.6602702627089105,0.6987843143390546,0.6525343298723183,0.665339401563348,0.5631858745737708,0.5636245081338687,0.723640037894104,2.2863842872420137,0.9598415594079424,0.5263765549765044,0.7139099326715029,0.5812439077445153,0.6312527260657922,0.7004749428305477,0.7414628777425732,0.7594004707034777,0.7899103922678392,0.5967217966387236,2.9210248911133405,1.0558730190695944,1.0841352746746404,0.8044760570560215,2.057386140453797,0.7809115002910623,0.6774082990538064,0.6191138375987392,0.7162709456887784,0.665438328932161,0.7021450819138589,0.7364718043220406,0.6915656245403007,0.7417847043124454,0.6326983962392768,0.5512123198333294,0.6030388699445267,0.6494324274169029,0.5915798561922935,0.8587026119719751,2.359116991944469,0.7011642566022762,0.7018841830857626,0.7984618859687799,0.7560838443034411,0.7809449605979654,0.7753412458847698,0.7621077326768512,0.7107543227983557,0.8570818506182096,0.8095434259726327,0.7176885810143707,1.213273621852536,0.6442058855235805,1.3861081556526067,0.7822328766088662,0.9057512659599138,0.8909963979022285,0.7216926949606248,0.7105078327915866,0.82779615907202,1.7408304067292364,1.114852092657157,0.7481921858312128,0.5661035015570828,0.6716930150740988,0.5066359164372525,0.6586636854259534,0.6124989385556568,0.5909630300752506,0.6911164513607694,1.305560684110794,0.9441463138061558,1.3422362018954503,0.6583215355982334,1.7302035198439365,0.6528463560440555,0.9522670612139024,0.7036350227074462,0.7086887413905355,0.5856456097658457,0.649765779942012,0.6798737455854461,Oceania,Oceania
0.9747631800092216,0.9444001309556558,0.8333712387817734,0.9879031069243832,1.2425653168816422,0.989909233556958,0.7943558188040392,0.7008894281154113,0.9499537165637196,0.9380975626914576,0.9058034597909056,1.020009463904674,1.2187301094750582,0.7014085779157595,1.107516029811365,0.8857207039105194,0.6937041193713308,0.8101811702165255,0.6996486770138884,1.0057498419079278,0.8126528897799756,0.5357434180123696,0.53835629450111,1.2254300453849003,0.987704628513282,0.8521907954313881,1.5992404972840586,0.9532910769154948,0.8879830181323793,0.7232097112184978,1.0671233961203257,0.6032980143605114,0.9135001790472926,0.8280072615747999,0.5572594876380409,0.5280758877038843,0.5780734585493195,0.7907103116050356,0.6927051121529249,1.7664310514205992,0.9534125155499634,0.6659133982292116,0.535400478857499,0.7154654670491537,1.375611107730907,0.8372737048464566,1.1637723699176168,1.0837400237110812,0.8293565800405,0.748379430972193,0.5637426808478452,0.8917955660423577,0.9090933791751136,0.8282493127513423,0.7774296856915824,0.908004716926136,0.7444556725970654,1.019911771624738,0.5804562427456724,0.8155532055847475,0.5430588344257578,0.7678281531092772,0.8713833339648271,0.6533452520050578,0.929777409338772,0.7445134937912413,0.6075715102070572,0.915441275009758,0.8782250786943673,0.7107985646348577,0.7473624302506567,0.7016044176132658,1.5742287672762774,1.2148450211248971,0.554846273941558,0.661938840596578,0.9368339118379814,0.5711745696294793,1.028145093078381,0.8791624079709606,0.8954576039248929,0.5173699409589598,0.8395032221940751,1.342469687096462,0.8728932677778,1.1885847146748023,0.6963355890024856,1.0252750763451424,0.7053861667494683,1.136602804036565,1.0884856787551258,1.3134425642917185,0.7711339414739924,1.1177748013156288,0.7572310683654825,1.0471120714938582,0.8351278842677972,1.3203782338274417,0.586706138438193,0.7266199597353047,0.710978645424887,1.109349600079615,0.0,0.5350114596824392,1.4079799394649593,1.0473161614185638,0.8579307894082262,1.263510592740821,0.6981079261084057,1.010952685510583,0.9431398819635104,0.8980480834878809,1.5444769045537217,0.8929194083274796,0.605915526914172,0.6294561770601284,1.3094879800651906,0.9202741585762144,0.8017685633072301,1.0446826246617338,0.8564103103237324,1.5601202171840494,0.7988230546899235,0.977083495583874,3.254018100981046,0.6690536790429107,0.7589715183031979,1.1067165284192533,0.6198768308332432,0.8768533421677258,0.7904757727759848,1.4018147138155153,1.0041541805051708,0.9088022227499892,0.5539667314953474,3.2292129943805628,1.262065273574358,1.097284882217077,1.130733701975971,0.5692171141415421,0.9191906198687444,1.4172462896950189,0.6488550487885764,0.7488943129277934,1.002716736236889,0.5695569180361217,0.6443167307111364,0.8393833540664783,0.794299421917141,0.7532150826950744,0.7779276671392796,2.2803862132351824,0.6131520733295732,0.9196311888818124,0.6906210860455997,0.6966905215273467,0.7805515603551708,1.0274072354382886,0.6092665713553244,0.8401615970601093,0.8487305296564385,0.8296545616376465,3.092387312441928,1.484909560728934,1.2986138045180868,1.1466379014450876,2.117710704225923,1.0503467379714952,0.8176904685857179,0.9330168114081738,0.9694955676731568,0.9750136254571136,0.6194592777405112,0.5381441734855701,0.7177418794441973,0.5362919597958118,0.8936138180666269,0.8017563945433822,0.949107735675096,0.9914675410140392,0.9124119254934056,0.8564166153804947,2.5554793725514555,0.6449922305949751,0.6466104602397188,1.139012231553722,0.6911928701685457,0.5557884031460878,0.983290623872944,1.128672198977705,0.610021964106489,1.0229091361411389,0.5487802173763103,0.5213017741505057,1.5545143456210255,0.6153331527006575,1.1353408929873106,0.7065005830707325,0.6976387976756598,1.1426117009357295,0.6396510318393439,0.792309477215777,1.2717969820003945,1.695849873681645,1.46749902990613,0.6340731745682495,0.8057679171037466,0.7196725769504068,0.8778086527008853,0.9860057294062906,0.6730187453509787,0.8466571352413095,0.5944990327249307,1.552067998518636,1.26230426317821,1.6378689533594373,0.5894601389995975,1.7410648567870046,0.6796993495033729,1.254220030453767,0.6157131973035584,0.6169591098299945,0.6159738906358683,0.7242283240227705,0.6388680654227319,Oceania,Oceania
0.975295629658123,1.007139988557871,0.91067543761365,0.981411941835024,1.176121893698869,0.9983123022330248,0.8664627251802672,0.7875887050510851,0.9665062622422832,0.90349894035508,0.9241353440076688,1.0123958762332446,1.1547011852902145,0.802167326444036,1.091638521908923,0.9018360487307976,0.8371220736506607,0.8486726434825482,0.7991153691597902,0.9960963424041892,0.8608077691815087,0.6854498161524478,0.6961090487843177,1.171522120889907,0.9792182381569215,0.8898440809324064,1.537955170580953,0.97526064141029,0.8979472260838912,0.8010028979873963,1.0573179144512987,0.7555795164504652,0.913749613436544,0.8580170608216676,0.7063656663902372,0.677376673662562,0.7088551240466691,0.8294909022996715,0.7976085612014522,1.705983997105913,0.967459260815251,0.7569582728966486,0.7289061887052829,0.8005167708488958,1.3374531096315372,0.8826096528990816,1.1402266054385377,1.057669607947707,0.8561063161639513,0.8085062201549079,0.7048526227427513,0.9143320278768036,0.9104773374224684,0.8696582988387827,0.854252180528656,0.9341994362667256,0.809776628459151,1.0580831782510114,0.7752603097687772,0.8522980647037821,0.7134037573448844,0.8264885411557953,0.8951043038887713,0.7376965539252235,0.9373269932021372,0.8064506222316121,0.7085713074085738,0.926799088003471,0.8824127203993488,0.8084834922559033,0.7818507330537822,0.7767190040021548,1.4898286119569704,1.1855533330937986,0.71164238372149,0.7696022336732954,0.945249604704414,0.7516405916049778,1.0336858280038963,0.9239808091228472,0.8899134147779945,0.7042557603431838,0.8793556301511847,1.3041665000927674,0.924657517832388,1.1567670172814373,0.7776242557419645,1.022357289296348,0.8050259964194888,1.11403393872007,1.0663024643926344,1.258383809447547,0.915334477454338,1.118655272888712,0.8170670035707803,1.0514795415021372,0.8790711997410134,1.2988325496213802,0.7437023948895031,0.8084134546499742,0.79671628325392,1.160816334111404,0.7589715183031979,0.7361442927915147,1.334327268662914,1.0789819201758526,0.92838955037921,1.2273190400973724,0.7894694606263151,1.0458580054174138,0.968765166672202,0.8941888488290982,1.4892491550489115,0.9779584140156669,0.7207519002251082,0.744189627039333,1.2863282184222693,0.9257434649358532,0.844188176514111,1.0562368391702743,0.9360205251324843,1.498960798780911,0.851715198543598,0.9735291527165462,3.167512273360652,0.7677106378755519,0.0,1.0854402658028917,0.7603179291741801,0.9391399258500148,0.8794287317420694,1.3519327243996155,0.9443339871120634,0.9230067461407075,0.715604086068465,3.1960715873868843,1.214040087238582,1.089988685542111,1.1327141640162164,0.706855617063067,0.9365619108852336,1.3730940943592749,0.7491591491607892,0.8014520652931691,1.0050118755287196,0.7203250062581745,0.7468417333552619,0.867187998942889,0.8488510923918192,0.8196085324937676,0.8855456536954737,2.2663420356362542,0.8287886336357749,0.915367373203024,0.8326673558938728,0.778482324194922,0.8447211859937299,1.0083991103419916,0.7588653391946211,0.9167697087888288,0.9482243215690286,0.8711829430265213,3.055978304016412,1.4198235338033554,1.3000289920263843,1.1274915143327948,2.058446680871441,1.0555938670299536,0.9052751997849702,0.938825678872502,0.9852401690399488,0.9788523848980778,0.7609989348114438,0.7059793194034052,0.833826933677997,0.6785811757791688,0.907230255247625,0.848672058012237,0.9590512197940256,0.9886689489841112,0.9246089979895836,0.9240076243153016,2.4814942705009364,0.7738841308050322,0.7669839732843428,1.1263739452380623,0.7845681297129304,0.7016860388238327,1.0027455203196487,1.079389023431978,0.7354667925124255,0.9790539831925712,0.7435841024298342,0.6876918872082011,1.5198606807595243,0.7477666620830113,1.264885005644673,0.8021874299161119,0.846557510373835,1.15287855778272,0.7088495143236515,0.8547272392708896,1.2366447381608987,1.6979932446026793,1.4054480366271551,0.7631978010551363,0.8520711704432883,0.7920852429757703,0.8740291861067976,0.9884265136121372,0.7834251087181131,0.8621538210361599,0.7251390507406064,1.4801031249845298,1.1876510485577576,1.6199318305554444,0.701014356272775,1.75051099857832,0.7537810920376132,1.2483496996155314,0.7522657380214994,0.7335697163751614,0.7271600031675459,0.7820106615320042,0.744942433302736,Oceania,Oceania
0.8960342645590073,0.9360065127128322,0.9630046913558163,0.8843086627357047,1.101710962588767,0.923373971916061,0.8777770799867287,0.9202007218832252,0.8941130190894272,0.8988918474968035,0.8660546800554006,0.8907301619861882,0.9441855363645718,0.8760154743150732,0.986563071627075,0.8212941010651467,0.901808886091778,0.8289724923216446,0.9038229282629352,0.8968003078748208,0.8309670231996482,0.870315202156592,0.8957765377347171,0.9931571570734586,0.8974087462736092,0.8885582550175688,1.3950427619595267,0.9296475875480386,0.8206477691772383,0.8566484226574882,0.9924271323604166,0.907841042123614,0.8095444798752277,0.8036549261618048,0.904140390488687,0.8867045155826937,0.8894525068413391,0.8155641947689546,0.922412670558844,1.609907797829135,0.8945743353663028,0.8807678636117167,0.9409050801448692,0.8677177866682464,1.200840445221342,0.9248945512973334,0.9770753330696498,0.8870760036557088,0.8354474058300582,0.8266276996042419,0.8558913868968561,0.8467126503626957,0.9038020495075868,0.8587319258829871,0.9008205629220324,0.9173847429457158,0.8292694555591523,1.0457230001285027,1.044078678355865,0.8329213300395382,0.923267686832715,0.824910826123901,0.8455450608425817,0.9052570893490028,0.9282751648265158,0.846539505924758,0.8479496552867818,0.8321865674827226,0.8238434685914752,0.8532557936328032,0.8339541784304412,0.8872808990369233,1.2400468707458323,1.0506524232623256,0.8930706546100144,0.8805125223309933,0.9315622920351072,0.9993910855160584,0.8923233623073872,0.9084206213866772,0.7566455762926872,0.9450303692243268,0.8287921377058348,1.1376237244151928,0.9265005676121556,1.0323316545750574,0.9091877934645072,0.9110474157909084,0.919178424094872,0.9662516031840152,0.997763239560149,1.050018504493604,1.0305119749371383,1.091698491067513,0.8352302908787702,0.9603920835763664,0.8621932676800316,1.2336430742416946,0.9105387291153304,0.8712613358215229,0.8553381702718578,1.086760445451872,1.0041541805051708,0.9744407698385286,1.1702215486087622,1.0547387079658888,0.9090012150893776,1.0716872601845575,0.8645598670984537,0.9787234731369082,0.921253389140404,0.8108082819043928,1.4119797468677802,0.9832738868278936,0.8663475425877976,0.8667104173499305,1.1558422271640914,0.8387840158819162,0.8241435516240952,1.0095845125314846,0.95838897647556,1.3995948750529956,0.8510817526406346,0.8773106780565654,3.115236273267844,0.8917054490426102,0.9443339871120634,0.9487483920272612,0.900250408929475,0.967059880231554,0.9216328196676524,1.1161859811639752,1.9082797281243946e-07,0.9066731613496952,0.8975751620191356,3.163682465640299,1.0246148203521137,0.9278586992982244,0.998247442329912,0.8985099898153468,0.8824472024944547,1.219053612170048,0.8683194532274765,0.8397209195471029,0.876329065649269,0.8833523880355382,0.8632922184134534,0.8741265819811753,0.8436177144378081,0.8519615816020456,0.9049811868040968,2.275435001133552,1.1026778108634696,0.8216600796027315,0.9112342297828736,0.8329883670518907,0.8621795197007893,0.9114621221090916,0.92547518880773,0.8772544858979484,0.9802540234251796,0.8843902650908764,2.9923798633424563,1.2416568913142574,1.2488021509743017,1.021922589957071,2.054131917074467,1.0059658229857429,0.8914207933750861,0.8735566132247444,0.938138480151997,0.9087041362831144,0.913291327095756,0.9108572750109984,0.8973936458510781,0.8892747188045461,0.7863814216434561,0.8492583118991692,0.8451232386199973,0.9298556292570226,0.8654563273380466,1.0120436887303614,2.3774719067627905,0.9017334301517062,0.8822800878185911,1.0024571181821162,0.9087604608865052,0.9319080576336388,0.98306995835058,0.909402936040072,0.8949534858391359,0.9492518501937484,0.9719153551674172,0.8966082507133786,1.3732699796192491,0.8612972711920657,1.4885893841387736,0.9171980799265832,1.0382797359643858,1.0728519576678617,0.8303581363826302,0.9284298974636406,1.0663303381741744,1.7979959111185173,1.2728155015834286,0.923741986827491,0.8546900485795395,0.8617468204549616,0.8003814118738091,0.8924670517598488,0.8567666794463662,0.8124070888600693,0.8916512125522462,1.336626215642836,1.0192351575482446,1.4884175829293167,0.8208128845988522,1.7954566107343597,0.8288189210602599,1.1236331104820838,0.9040690080528982,0.8931555583895858,0.8297359983520928,0.8581870104646907,0.8800344635772355,Oceania,Oceania
0.7503738504650902,0.7400930987107182,0.8719779891527804,0.7985443539061183,1.045016939490287,0.7410524092289783,0.6583168383088887,0.8226758649454184,0.6440749640157784,0.9608310348490504,0.6292043252216537,0.7005521038499477,0.8577697279409293,0.7308020109032279,0.7825742868669011,0.632545640861911,0.7944162151513552,0.5492456819282922,0.7572793519855486,0.6488096862717283,0.6600447070796454,0.8068998194226845,0.7888115368543638,0.9489964292653592,0.792466839679433,0.7310307108145861,1.3775935134150117,0.720687433236351,0.6342205546317173,0.7786941525872976,0.8671970556516563,0.7817886765249658,0.612848929482845,0.5840825432220261,0.8206750434314886,0.8346128640205572,0.8040447191358027,0.5652659988391819,0.7363928168461502,1.6825514789256413,0.6472452207992466,0.7530710984110253,0.8841986183197645,0.7011313320021414,1.0171925831930555,0.7945377065368622,0.8022648812448396,0.654951873490935,0.6050000192022618,0.6256841201004842,0.7762164021121742,0.5948580953114057,0.83000478321577,0.6812251971402302,0.7307693731784103,0.7066453067019561,0.6414610520095629,0.866427240162526,1.0401115612398588,0.6003289361594061,0.8644801646054707,0.66651931594726,0.7221007227969343,0.939972247726002,0.9190326134990826,0.5730498176322333,0.7164736400110772,0.6041714915800659,0.7154805704642246,0.6862709123711856,0.6210560502324477,0.7792697677003596,1.1936346149705093,1.0009995630898505,0.8277164369767311,0.7728026615235074,0.639793682025192,0.970459818325602,0.6416316054973856,0.7187990856339905,0.6602702627089105,0.9087888598999326,0.6549218726588664,1.0244544480700934,0.7635706021939163,0.8302355316848635,0.7737830866800557,0.6536158789194819,0.8168487690487188,0.7604743351917048,0.7871223824521398,0.9179237518687312,0.9061825908513292,0.9421035638153046,0.6831094151707648,0.6864548284745801,0.6757671583223804,1.0217525498972029,0.8256692826161856,0.7248781057556082,0.682251312676083,0.9575950115899567,1.002716736236889,0.9309994636613256,1.1040041732595056,1.023304409770703,0.7344096962417158,0.9841375316617216,0.7028091613226424,0.8511189785435124,0.6838263007685002,0.6669630648816287,1.360077375195644,0.811738428825311,0.7807827517702878,0.7932633405457022,0.9924723775487466,0.5557703322651848,0.6151760931184928,0.8495097561888837,0.8019979535296445,1.3502189963865543,0.6417107403607998,0.675623872592557,3.0404300952952696,0.7919781927373176,1.0050118755287196,0.7153905554174849,0.7855984442533371,0.8372456983342991,0.7903879867228931,1.0478565460754254,0.876329065649269,0.6044697684510274,0.8170359843195502,3.166965358429224,0.8119849558443412,0.6701350914882612,0.8267489690924914,0.821382785942533,0.6896167028624742,1.0982597778433036,0.7719781665548341,0.7243335002844663,0.0,0.8022472336578698,0.7658009888590618,0.7356316462991432,0.6129383415401555,0.6594484324290469,0.784090031677926,2.345856705857556,1.077932353766625,0.619634158220079,0.7612411053629103,0.6718270339527028,0.6829576987431144,0.57614461566836,0.8775603386973739,0.8516106953790136,0.8247505577750587,0.6369866549840226,2.8888423422019414,1.0685234681245117,1.087049206026504,0.7727797041475273,2.1030216171415117,0.802584033777688,0.7117142080677387,0.4633511348498355,0.7009929970690513,0.7039663758585578,0.7990434554458636,0.8539931114908713,0.732517478725417,0.8748228667406234,0.6826312587283342,0.6357333959581967,0.6783189290819915,0.701857149879321,0.6222875831433132,0.9839421529067516,2.332360995952117,0.756022495086254,0.8092578368366731,0.7792174921862606,0.8820421878356246,0.8989445031511833,0.8384083108612206,0.8589837130769892,0.845658184496983,0.9383873535824068,0.916967938814182,0.8203591529476278,1.2114126212933285,0.7550926456772447,1.4703530730055472,0.8782463719808777,1.021265137191112,0.8388588003953392,0.8459206303886908,0.7341076184238058,0.8482573033090433,1.7924330674431372,1.1517548599770229,0.8698893583909909,0.613984468550536,0.7494706364569111,0.618640465618512,0.6502236845776616,0.6814863646849333,0.7000519335352451,0.8034707091542312,1.3694866362242688,1.016920619588455,1.3495134625589074,0.7622971188432953,1.677409531101267,0.7739694281086649,0.9233362329471688,0.8076645079535902,0.7795220168634219,0.695134798999415,0.7476844099850343,0.7914389230631611,Oceania,Oceania
2.3160044187885327,2.361489395214194,2.2948429591635664,2.2821074582288667,2.34728570073832,2.316174839849607,2.339341966274574,2.2874232170583064,2.328403553385465,2.248774187522692,2.334144000589863,2.2937429894967725,2.31867782752972,2.3405506868442165,2.3351099025421536,2.2945397712571247,2.325972864049357,2.3219977252135693,2.307058458280592,2.331348754897376,2.317039980603718,2.2945870746913006,2.322083004039159,2.3245957240015764,2.311736855374809,2.3109509313687195,2.447945658741717,2.320283795857615,2.281839283774743,2.248828479357261,2.2614086018558943,2.359018639581908,2.271890145181635,2.296221801597725,2.3205470568236954,2.2994897265335403,2.305945203403743,2.322046635592819,2.320509702003958,2.498062372390711,2.322859171973221,2.30437916195494,2.3653077702614973,2.321775616174402,2.427060867857847,2.291370284373476,2.335800568244375,2.325634119976968,2.3150747286245004,2.331850443399594,2.314903256374908,2.3366372697466264,2.252001750615138,2.3242495027877608,2.3185153888737835,2.309904278744426,2.3266968848802847,2.352511904626392,2.392383355691401,2.313362629788632,2.3227542137405885,2.3395860443497725,2.2094687153637778,2.2602122270675022,2.295489125833,2.3283615791141856,2.3056530736992222,2.3139628785648747,2.2791149390142182,2.326364755871017,2.293660289594944,2.266892108395109,2.4303559467688864,2.320888783155372,2.3096652028922464,2.2914668344482507,2.339712592205623,2.36533057360814,2.328245002227478,2.322948468644477,2.2863842872420137,2.359300095887685,2.269478134318452,2.4099101163177687,2.339657197008969,2.3670341358447624,2.335045250766167,2.334053705074013,2.3387067098198075,2.3470345232299032,2.331865650816627,2.3740186359908884,2.3829322856795647,2.3474594865483813,2.3047257967961694,2.358856292379541,2.3062946931308064,2.42629456658402,2.37094787720241,2.30909735955664,2.320782153596187,2.41830796575986,2.2803862132351824,2.3695896013112288,2.4169891502149765,2.448571398768392,2.3488678267586045,2.3696022109658594,2.336866579886231,2.366399641429467,2.3405069801418352,2.277365751046355,2.4882816802513177,2.353756316657924,2.281938210718622,2.287080624854233,2.417142195263714,2.3186396974189782,2.3327922197901985,2.313815458105451,2.3471761884034703,2.534340233744208,2.315140184314387,2.3282899827243586,3.5769569212998373,2.2758574259154765,2.2663420356362542,2.318215804742768,2.31285151712688,2.348204952495531,2.367365055896082,2.458258463348713,2.275435001133552,2.3284823556233416,2.3254924537548667,3.6643111413245992,2.3244068453323146,2.2753146855348025,2.2923885354958693,2.316954437382551,2.3133072144589706,2.419655317975078,2.2936550520111054,2.265814455986692,2.345856705857556,2.304429770710015,2.2812103872989287,2.298952010517945,2.336565847671593,2.317396650932494,2.2647668746171115,0.0,2.4501913435540934,2.294485135571578,2.349670811194585,2.3187857209358027,2.314711881870235,2.31628920195928,2.2880330933157285,2.3280655533076606,2.337932943519135,2.320360407092576,3.654033836625573,2.415194153674828,2.4181003524551024,2.349948328452679,2.7548824942983035,2.345682858845494,2.3367359039821496,2.3184409717841388,2.3492616935220307,2.335865979660831,2.356917212641359,2.3282935945971373,2.340647968758283,2.2713242467034926,2.2481230041515934,2.338977431173781,2.3077913267108565,2.3273891891401943,2.310518979916893,2.2757111129187084,3.072969232145674,2.312418940543192,2.2928088572482648,2.3039528421964874,2.2651315095060247,2.33004301885874,2.353129670902698,2.27329341826678,2.304033006019178,2.285768060005793,2.358567400560347,2.3169713565763588,2.5166551265356065,2.3271867094637138,2.646400880446387,2.2589093689217585,2.365262807890004,2.389231871293701,2.242603649899703,2.365412441808386,2.3328546274759803,2.668381961361841,2.4452721669791764,2.3059707348884686,2.3117567851607883,2.268846789649926,2.279109725375603,2.322054428735151,2.3247123404252408,2.2780734470024324,2.3187625276401205,2.380556642872262,2.3162550661592607,2.57937432166044,2.263108872735853,2.737356780790042,2.2430036087134333,2.3883118669364465,2.3040086614990387,2.331070993132579,2.2998969948106733,2.2713508339766744,2.2918632912296526,Oceania,Oceania
1.0269845430680369,1.005946254562895,0.9224040371087288,1.0587621530949365,1.3268609822116626,1.0562369971181005,0.7696547618846091,0.7051898756989237,1.0080614133995751,1.044585397354786,0.9348282667673388,1.1197246612243204,1.32783684353,0.6148809813199064,1.181113685698114,0.9263328401509762,0.6819789454281541,0.8115512185915821,0.7138635978576648,1.0495641605343438,0.8627612039388414,0.5566149120801603,0.4716692280087954,1.3254067396995648,1.0466986874583355,0.8910775822210485,1.7142118314622052,1.0326932092544012,0.94750921290741,0.8205345077154237,1.2310577516609418,0.4204231932743368,1.024576330094766,0.8711352595126411,0.5228841653510229,0.4928567605768288,0.5587296198139502,0.7849731890632426,0.7085542802193512,1.9284008962165813,1.0142188617575794,0.6843937910065061,0.2540352342771046,0.6952660214823662,1.4905780766499404,0.8784401343927767,1.248546702781988,1.1833141815761823,0.8333239337616777,0.7223093156411262,0.4651391150923444,0.91989047000895,0.9711017098451636,0.8866742052937219,0.8133693720250054,0.981244774528992,0.6998550277575073,1.082392867576221,0.2770256496949984,0.8400620391507235,0.4659084873445133,0.7415173280704727,1.0447979193566563,0.7091424359837946,0.9711138237312796,0.710131464022016,0.5763114511175085,0.9715535698576356,0.9387805147505316,0.6555188752811961,0.7490179237944115,0.7803679462379032,1.702505431095923,1.3399432247287175,0.4541280275782351,0.6873654936249257,0.9577173100398656,0.3568940628864551,1.1091970351386569,0.9384858626120616,0.9598415594079424,0.3183074145814326,0.9244823604232412,1.4492212700318168,0.9117560084580476,1.27272214462542,0.6870429936585178,1.087880851928585,0.6686974350566037,1.2431409391461876,1.1823109400503302,1.4204656458505645,0.7807622807044521,1.197818253323772,0.7494168422590647,1.1310905276708791,0.8670244981687621,1.4256178335153775,0.364991054073344,0.7926898629581178,0.6591384213480616,1.167901437408902,0.6131520733295732,0.246914037032479,1.5321988110208686,1.0407686051775775,0.9089245569739688,1.3548044306828049,0.6148533400152376,1.0563979964625532,1.019062086920208,0.9542461497445164,1.617109996945853,0.9346329728664278,0.667649435300287,0.6242395495427385,1.379162624906674,0.9580251133335604,0.7826664539076582,1.141850143760989,0.8991188584660819,1.6161419965847703,0.7850989812675424,1.0286310591997552,3.371825987724365,0.7457432061522447,0.8287886336357749,1.1986956421250514,0.5998109106893874,0.8891138528237471,0.750295756795453,1.511343857118563,1.1026778108634696,0.9297034647877088,0.4632492840933103,3.3629434310449198,1.4029122941912302,1.2360018887716646,1.2437758929891638,0.4923822287502274,0.97993620664864,1.531442009203162,0.675827803098175,0.814646507020063,1.077932353766625,0.5164446909395332,0.6856627978747358,0.9252717569038076,0.7885277078294108,0.7403519802498548,0.9044540911054216,2.4501913435540934,0.0,0.991025855905571,0.6593508089450554,0.673255456802743,0.8140176213371377,1.11615570751827,0.6885538453540657,0.9059477202622036,0.8832372648207949,0.8339162394391952,3.160397692286084,1.6332755152660423,1.4030716841506283,1.228493935397807,2.2713703268654144,1.1327027030092576,0.8668802963113866,0.9890230541897052,1.0023085317335425,1.0176416382771758,0.44145640945182,0.4086989622052092,0.7068952587658257,0.5942785891503112,1.0091716524025238,0.7927461195076079,1.033551175554238,1.0381174111524405,0.9457348065036466,0.9711361454631378,2.6680056390430336,0.5868794958845849,0.6668590579220097,1.2751423161358777,0.7805920866239928,0.4613240582735454,1.052717395693232,1.2402077831991083,0.5742050987513947,1.09652770643242,0.3487873849233328,0.4318466061623033,1.6597259809137672,0.5195982460375707,1.0,0.8912472552897431,0.5371083343346954,1.2416808931618806,0.7453803284919712,0.7538895789952674,1.400137273498126,1.744581897541619,1.5678211961602089,0.5995790614050742,0.814133555030561,0.826902358031296,0.9568377427984344,1.0540134229500562,0.6116507769901643,0.9042479889654116,0.5192268186353772,1.688880058370785,1.3671862579661365,1.744044023158017,0.6558055222180786,1.8001227772661827,0.8270330674162897,1.3467512503457424,0.5890832326774984,0.4792917912363658,0.5704605026829961,0.8043838469808083,0.6120283030932927,Oceania,Oceania
0.6840054475517947,0.676176398755891,0.7664780161821054,0.7021067310447782,1.0285983609092049,0.6084862389551565,0.6009035192973269,0.7518583036151807,0.5793998253419838,0.8821588067100384,0.4931284070110946,0.368415638537549,0.7940753180844407,0.6266233617576434,0.6496152902354301,0.4851205076322726,0.7223959240490969,0.4155501176882493,0.6915970401712885,0.5436836087916443,0.5027202115511543,0.7259597425054133,0.720183730497361,0.8082526569614173,0.637381016116096,0.633011250435858,1.3393372564534067,0.6455958357484365,0.5114454023383105,0.6661391314117882,0.7645365951583389,0.6844073134876486,0.5107156122908003,0.3242764593388971,0.7460884816501222,0.7662944099249269,0.7341323945912889,0.428645502620224,0.6823397698346801,1.631415131187938,0.5483325692911538,0.6641631133049768,0.7855164291991199,0.5966241023904881,0.9602964739110822,0.7179262710654734,0.7304614189198758,0.5208194445532399,0.4427494096405648,0.4888542445505182,0.703260604060261,0.3657068431135195,0.7617712813702758,0.5848995315369889,0.6241894906542108,0.6171964762189847,0.4862568997315494,0.7499671242408501,0.9498345715214204,0.4689411015662253,0.763039515221285,0.4682688661296703,0.5538141578964729,0.862413378941184,0.8247139928024221,0.5202361698009572,0.6432065315631913,0.3219761714570506,0.6030764616857138,0.6020918298100555,0.6073035908044281,0.671545763799572,1.1573229076252372,0.8981931641393598,0.7274436458732003,0.6769778144651862,0.667049800775232,0.8833137395577264,0.5130833244402522,0.6473886640215377,0.5263765549765044,0.8275047477474636,0.5136934714410853,0.8891782025978983,0.688243153896724,0.6887805267227755,0.6713232735980378,0.4843539947258675,0.6744448420720199,0.4855133429772714,0.5622477641380175,0.7855731212205677,0.8249648352487395,0.7964360894757073,0.5140340135192748,0.6278226526006347,0.5806566492977135,0.9133411709931912,0.7138074768295726,0.6233641166981982,0.5722144859898652,0.9137910317537012,0.9196311888818124,0.8531534855412861,1.0138727693819611,0.920179720324345,0.6545776609057381,0.88846876268502,0.5850136922851875,0.7509715252472581,0.5873949802770453,0.5383101146894561,1.3111022705961026,0.7443433523762184,0.6954768814465973,0.6639140441435415,0.8650230043314953,0.4535367738831935,0.4601975627842611,0.7175645458591152,0.7340730429084293,1.374745709698613,0.5288532306068148,0.523430879979895,3.089618212973833,0.7355096630545942,0.915367373203024,0.5653915885834081,0.7043345496455083,0.763044677221821,0.7349807850717546,0.968677522530961,0.8216600796027315,0.6477387349599647,0.7171199192740837,3.1346317207328207,0.6579689973906208,0.6089093627525929,0.7065915188512212,0.7205559997445877,0.5903685615617874,0.9699345185788332,0.6537345664791122,0.5830125882658033,0.619634158220079,0.6991617997314344,0.6351395668865798,0.6255838552508194,0.4285717343031737,0.4485881137293038,0.7091852801950378,2.294485135571578,0.991025855905571,0.0,0.6818102844806987,0.5475968755188383,0.5878842471673901,0.6368660279311882,0.7751443856815522,0.7905454917275174,0.7478750382582386,0.4918512791448531,2.9185004777833923,0.968741557905996,0.9913605429732384,0.6958888983125016,2.0737377389408698,0.7146875531842031,0.6372767363440276,0.5646458023746621,0.6075035752199706,0.5560595903724452,0.690413506045046,0.7564501650862614,0.646166151118316,0.7821827815051926,0.6149078967239908,0.4345271801372899,0.4823520637008172,0.5253675850185854,0.4387326127924364,0.8862220620263029,2.332508647957468,0.6915554981396957,0.687234238552497,0.721256989254263,0.7736023150822664,0.8166698913407119,0.7516223076807668,0.7882856077766903,0.731775790679998,0.8756512388240254,0.8398796836656319,0.741455238557103,1.1220404470766794,0.6417689795590327,1.4078821850827468,0.7796854237851157,0.92913631624022,0.8189988082605985,0.7434646980183804,0.6154923376296623,0.746882482339288,1.7257422870385322,1.0425903762205169,0.7559074619259765,0.481321721686019,0.6531990984193361,0.3606677873506972,0.5507746265104991,0.5670445072505905,0.5828192916706996,0.702137978274618,1.311767219770014,0.9522253307557008,1.26883864958142,0.6776079827633501,1.7309000245031458,0.6653993386572374,0.8229046200402138,0.6765657777523114,0.7194867521368372,0.5275708300990753,0.6195148736646248,0.6560562436196803,Oceania,Oceania
0.783032454940676,0.8137529489208701,0.8893164512555678,0.8181090669654497,1.0585103947267211,0.7067519036078229,0.7595813020649456,0.8632283556240324,0.6952376664181729,0.9721106983827076,0.6765460855125651,0.713722512491292,0.8698239665621224,0.7839229581603063,0.75112124058452,0.6760488966327605,0.8405552094871853,0.6059260687704708,0.7943604005881988,0.64310489105272,0.6993880010665352,0.8404698099587424,0.8428156427532697,0.9473289072166238,0.797090854408505,0.7554277111803203,1.3662925450856065,0.7576462510713152,0.6573588061330898,0.7827068391880642,0.8800225101642066,0.8425478602224896,0.6355531593687327,0.6269747119183673,0.8621413066452486,0.8743749319580263,0.8439978799509338,0.6365046875507189,0.786534978140956,1.6684561172678911,0.6666826511138895,0.7737141228153117,0.92538136288025,0.7459105709716852,0.9896364474682868,0.8134134533426318,0.8147926081624263,0.6695606072934446,0.645227336960313,0.6823346596997953,0.8291683426985466,0.6343085052775045,0.8837205974117678,0.7178422634121527,0.7675829176883139,0.737017850131951,0.7016310247002688,0.8721899726995634,1.0666625838779802,0.6265957307547939,0.8956701237954046,0.6925701597259464,0.7215215461786033,0.959432794371068,0.9361742206523338,0.6484534651686381,0.7530396495354903,0.6381760393933975,0.7628645462771345,0.7545972662897774,0.6760598399356302,0.8161460737417623,1.210064710680771,0.9783427127148798,0.8663156896227074,0.7854509640653556,0.6835776411595484,1.0023354135470666,0.6582958400561236,0.7467749635661571,0.7004749428305477,0.9501235710208764,0.6842179174220233,0.9854209320220576,0.7891316973184481,0.8039764725950659,0.791970055239566,0.6560753089091772,0.8311010554571874,0.7815424415553235,0.7621781090853711,0.9364127496737676,0.9589324775236197,0.90915724451975,0.7344874655007111,0.7625560231480342,0.7346108658935748,1.0198909995522574,0.8636694167098224,0.7705929844867622,0.73883449194759,0.971297076642998,1.0274072354382886,0.9733727079360022,1.1071351082125005,1.036440628779182,0.8048831402244085,0.9935523785243482,0.7509406300422042,0.8475828014316745,0.7515408874048503,0.6973568639903179,1.3882289099540253,0.8590563134303196,0.8112428772782488,0.8170275684658628,0.9908037479507796,0.5940033235937905,0.6770914322580698,0.8478141511420534,0.8574001575239061,1.3848299371352115,0.6992082609864299,0.6736040217842377,3.0294790337687307,0.8182479594362031,1.0083991103419916,0.706664889859185,0.8298487880554232,0.8671538800864282,0.8571054051366155,0.99234569413574,0.9114621221090916,0.638613803213438,0.8395962353845502,3.135968954807183,0.7888552488996643,0.6642659054057323,0.7977080913499751,0.8651277849692975,0.7121685202986904,1.067056864972883,0.789658366239476,0.7385416648024197,0.57614461566836,0.8307412701642679,0.7964467186552949,0.7333602685348034,0.6711205676564996,0.6907579832157885,0.8147091035060261,2.31628920195928,1.11615570751827,0.6368660279311882,0.8371955132466834,0.7077555055083871,0.7082125395687333,1.0323827311807142e-07,0.8974610983487302,0.907287227539369,0.8773659179612344,0.6924294482352508,2.8737871229189005,1.0118812834502295,1.0673790983691922,0.7686506367438218,2.077373685532423,0.8114643519255844,0.7835386210709652,0.5063207282446844,0.7324803865338918,0.6662374268818991,0.8483418306701855,0.8881597530748432,0.803214453466439,0.9001783172638471,0.6989964617724175,0.676777174965418,0.6911430106563914,0.726844052206187,0.6343931211345257,0.988382951695524,2.3568088428854703,0.8046506437130677,0.8147988687035556,0.7559124869563274,0.8942137774122275,0.929269495462974,0.8349833379534994,0.8752510803234381,0.8657444903568261,0.9831228914614182,0.9629124503858978,0.8665441466071825,1.1515625612471136,0.8044209938358979,1.4986005349744174,0.8830125277654268,1.0591295549613295,0.8922589566403103,0.8527072430306035,0.7729491044715893,0.8419687933737353,1.7759597371280995,1.1098368828062948,0.8918178090203596,0.6563166154774503,0.7895563991710346,0.6456989834000576,0.6704652389277066,0.7371339426092608,0.7436551075233672,0.8369327238587337,1.3842696286106986,1.0267204654688036,1.3037543887691256,0.8079885598900369,1.7202530195696308,0.7742613368820074,0.892473949230605,0.8186382181887893,0.8301147619985487,0.7377243126791214,0.7745952909413225,0.8214333962582777,Oceania,Oceania
0.8794802234128642,0.806806380431893,0.6458256350855301,0.8356870173698456,1.1689519952408736,0.7841228991672936,0.6848778399944442,0.5446485423221745,0.8143040941836491,0.8459486429404677,0.7963640653270659,0.9036204304186216,1.0732978549335126,0.5929703621083808,0.9345755664241904,0.7033155869138833,0.5738209688321345,0.7050832420083932,0.5107747397857617,0.8873127033446984,0.6600259270506984,0.3678334243087734,0.4249711070329495,1.0944174566758536,0.8679675846501032,0.6919671894654821,1.5186371868728874,0.8058272492060049,0.7107938889361126,0.560479630958323,0.7791931500095733,0.584164401863315,0.7274335647740451,0.7190004555257873,0.3730157414293922,0.4153637863322271,0.3910169371048779,0.6778934175912634,0.531759940048974,1.7352582246189134,0.7976975775551791,0.4883451037167015,0.5425008150191538,0.610357442238705,1.2110376936222271,0.6419525450248416,1.0004388755611375,0.9288610442433436,0.7098137298517747,0.6663296995467907,0.4929288644203873,0.7748992328837893,0.8175745743151265,0.6852319815145731,0.6628225195455909,0.7687811689633222,0.6592124600190861,0.9091425569438092,0.6360240407120292,0.7069744166076734,0.4434109519973009,0.6894059437171616,0.5885966952861399,0.641066116983299,0.9093893370367182,0.666324029355612,0.426454666516842,0.8008315080669313,0.7527032114361829,0.6576431938710791,0.6510333665314382,0.487517526483655,1.471838270077842,1.1417481370076976,0.4499847070413665,0.4388979130878904,0.8204694641559758,0.6028733283493192,0.8740392004699743,0.695459145832617,0.7414628777425732,0.5035572632786094,0.6492579687820789,1.224978999628874,0.7078783045861088,1.026255228455065,0.5483007152152459,0.913247745465102,0.612144026998247,0.9977234682345768,0.9649027407601072,1.1903859272487138,0.7632880555572924,0.953734004232183,0.680540997544249,0.9122849168028654,0.6635161561195703,1.199859300208628,0.5655557866072236,0.5483648881536308,0.6137246685607182,0.9748189401242056,0.6092665713553244,0.5581235886259072,1.2722450975290671,1.0099349584472672,0.7425784554234244,1.1178235693430547,0.6249968350370518,0.8392278420641515,0.7881450755481393,0.7443785715122776,1.507674331661028,0.7780544025205319,0.3555795405725295,0.4042862259835619,1.1892993008275523,0.7843270579545892,0.6730851996410736,0.8471826772764438,0.7405514481512759,1.5388814912685729,0.6842587809581002,0.7977384450640592,3.2268390876473583,0.4263018473047638,0.7588653391946211,0.9232542296033144,0.4739918182789827,0.7887403321174734,0.7369733131683913,1.2909444685738274,0.92547518880773,0.7940244298509233,0.455485575878057,3.172201565137973,1.090264762868214,0.9120467954093908,0.9574807440381042,0.4294594935388829,0.7611619939307093,1.2713710955738342,0.4314726899453679,0.4754215967480786,0.8775603386973739,0.4271625146672588,0.4639020061576279,0.6600784142624017,0.7047112528057224,0.6562288606825736,0.5968507776833635,2.2880330933157285,0.6885538453540657,0.7751443856815522,0.6205717933342251,0.5757789195776245,0.627253561399879,0.8974610983487302,5.1619136559035694e-08,0.7564327602230241,0.7172576029387187,0.7051679612370666,3.0374440854881777,1.3337775052471694,1.1785191543590685,0.9935138152736837,2.1315733640461447,0.8708538211623867,0.6942309202220175,0.8077979256190376,0.8634600138754754,0.802102847283467,0.5975390360359559,0.4421360433087045,0.633083683425511,0.4082729132999375,0.7249776319179094,0.6839383589483622,0.8210810285763104,0.8538794056541572,0.8007273115731093,0.5803886113023026,2.5248886240324926,0.5300467726864926,0.4797558934722375,0.9446176758893736,0.4647148489232567,0.5114775067504251,0.8127943935707929,0.9905050822313288,0.4303076707913367,0.9275180428134704,0.51180336935796,0.4019259670956892,1.4169601985163194,0.5621694796889111,1.1922561884949483,0.4900672086497576,0.7421718643969936,1.0077786546146246,0.4977015150418822,0.7110850026422654,1.0678323209196905,1.684785452578627,1.378616608554061,0.4839297492943311,0.6913008271884199,0.4691378144000746,0.7570508312973915,0.8571370495638237,0.5966015876372751,0.6866614631523748,0.5031756606784277,1.4620276507262318,1.1630221998837398,1.5078529041049566,0.4595163697277339,1.6992873453664634,0.4401697223790356,1.0731325329059074,0.4844941731985716,0.5996316359067443,0.4865463422858962,0.4697482834142183,0.4543305468032262,Oceania,Oceania
2.1014984533898238,2.1343674636554857,2.087828944157548,2.0908564820689874,2.1119980954425897,2.13684133292346,2.1450594462582724,2.1184209853042275,2.1256662749130664,2.027813972345405,2.113944447154117,2.1032880011096915,2.1126361040263677,2.141145600515671,2.1597505712242957,2.102069855594954,2.1103808629053424,2.099146857610855,2.119184196841577,2.101413003526885,2.0812841116140985,2.1117441192189643,2.1271727132103964,2.117270902431609,2.0968912723944357,2.1082017787962384,2.2915072616797194,2.116041240575362,2.086604940072682,2.069421062875444,2.118549812345494,2.158878139426681,2.066643120750024,2.0843734397383957,2.1343618943001483,2.1057465324454827,2.119001762929281,2.101932064624673,2.126443164059101,2.2536276867499945,2.121258455129611,2.102875631980251,2.1739489129320706,2.119870164377,2.218286142836872,2.093061239022936,2.1512440726714948,2.0993149240019098,2.104778373043022,2.113530341775421,2.1223410583498383,2.115060853928929,2.0919525684962488,2.107503787506594,2.1099697974323326,2.1062634245086254,2.120470147635966,2.139973585032485,2.207367550155265,2.10338146288514,2.14692126139928,2.1242244847524643,2.0633586670190374,2.092767603778236,2.088074550061812,2.111581604541649,2.1105328480039773,2.103950977457651,2.082522216291067,2.1295791939675146,2.066609123972959,2.091279850942438,2.2033404514702264,2.124807365171284,2.129938298050906,2.0970600902190744,2.104140153520167,2.175107884485791,2.118238645789089,2.1285079851312525,2.057386140453797,2.163601923995465,2.0739366960986354,2.208198201556139,2.1410736698870774,2.165676563858636,2.140220739609094,2.1162618671628803,2.147404056246695,2.14081341738804,2.121754628241362,2.187928492556751,2.1262717964808804,2.147299349054271,2.1008353258004844,2.119658035985813,2.109554257337172,2.201982868026541,2.1733775238826483,2.091321006786488,2.121177816123593,2.207558592514393,2.117710704225923,2.1787251224812025,2.1472445460292646,2.240126827023321,2.112159609674636,2.160485356735903,2.129711861313846,2.1999848212018023,2.1136180810549843,2.0741788386157927,2.2606684899900684,2.146279565558899,2.10624687982762,2.1246167638651468,2.2283027064647185,2.1009395391349117,2.1271797258858456,2.145396835240493,2.1259480900170487,2.2979940679238573,2.1162911192101017,2.130986272097596,3.4044258591944248,2.0955307499008287,2.058446680871441,2.12410455010477,2.1183093585471635,2.1471542376982957,2.1520839291160025,2.22244373796517,2.054131917074467,2.09973430502988,2.138306304968917,3.4973886148595703,2.135212526915028,2.086043512468008,2.1038254016426614,2.142086027051818,2.1055644074138,2.2004921586345314,2.1150148474028776,2.109082329259828,2.1030216171415117,2.118368516087444,2.092043835999223,2.094780685474568,2.120137521456741,2.1160241056686924,2.0647328208323303,2.7548824942983035,2.2713703268654144,2.0737377389408698,2.130286265433129,2.118101416317233,2.1068993335641832,2.077373685532423,2.1315733640461447,2.072282753894964,2.1065533214835988,2.117311885957076,3.4428864903343395,2.217898849880931,2.22859956634784,2.1368660472437826,0.0,2.127003267712869,2.097782512805385,2.0911285579409924,2.128866813838564,2.1409687460800626,2.163308139708359,2.1504540786002835,2.124415259506756,2.0972976588274665,2.040291931342223,2.120035441947575,2.092927323943748,2.10487690891248,2.0957761506245367,2.132124013299837,2.842752738822542,2.122791045582312,2.105493883760813,2.0823821449086224,2.1015726589851966,2.1330006245018627,2.15042985404979,2.068518261896706,2.1326578768323583,2.0689393961704696,2.170939522995997,2.1315902451520388,2.2930253364104285,2.122312327427114,2.4817580788152376,2.0598944843956213,2.1732337902787964,2.1546822682965465,2.0720711437006383,2.1426806469414776,2.146876845521462,2.538435775602446,2.2285843600889894,2.138995248410834,2.103155181484549,2.08601796487436,2.0555068270580783,2.105378607280453,2.124859126300937,2.0841017050305384,2.127907984543369,2.185382219921892,2.087874375406857,2.373568053684968,2.0793395904030625,2.493127655672295,2.0534074465772285,2.205186754409329,2.123058456548884,2.132886731060763,2.110338828790596,2.083907174322344,2.1218631248062723,Oceania,Oceania
0.8667978830003282,0.8598651716713884,0.6919702152267682,0.8648796008274559,1.147551541671774,0.8511499721534161,0.680320893369677,0.5292965954765035,0.8257425261692246,0.8101809030699857,0.7731555323284067,0.906492069156731,1.086557477480655,0.5902399112354423,0.9985363020403109,0.742427195420503,0.6020363575956503,0.6637134345227861,0.5360767828475961,0.884807237693701,0.6885351438275754,0.3269037287528082,0.3717134840667866,1.10952611256503,0.8594396231996829,0.7037941137494436,1.52471396274085,0.8099927202966085,0.7422684960274022,0.5712582656436825,0.8757826768369951,0.5167284619748695,0.7541697099343178,0.6993857158051445,0.3541763682804105,0.3495080985662898,0.3713415992624118,0.6481299941797425,0.5621608947041171,1.7324671793630375,0.8292285497283127,0.4946367524874494,0.4557930706313246,0.5865032725223587,1.254294386559512,0.6753833263016265,1.0352943579528884,0.9621894480390528,0.7082524830863812,0.621494908893086,0.4322395220792778,0.7701222577109695,0.7981116041853226,0.6977894177517504,0.6582489211313278,0.7821282309445674,0.6257546270043322,0.9149364054545264,0.5462942823508327,0.676722165512936,0.4079863537632603,0.6469319866345878,0.68424259497578,0.5634861821108402,0.8364314630149533,0.6093324247157406,0.4105079695495607,0.7961219271726983,0.7348961401000091,0.6006267283533169,0.5984389252904173,0.5284860733391464,1.480126224756218,1.1192763906888332,0.4090438232115539,0.4881089956652884,0.7924088163921514,0.5147202849271313,0.9158893583696944,0.749446664095476,0.7417847043124454,0.4260121364325012,0.6937336907793055,1.2434447156641562,0.7480525194327844,1.067510028204432,0.5158157326126102,0.9155692127049838,0.584685297562778,1.011280114858783,0.9749691244483062,1.221737390717773,0.7428984478106322,1.007931278275315,0.6215218391719993,0.9208182733981148,0.6892522171185919,1.2213464832830911,0.5073105433000087,0.6052912084417502,0.5970784969086392,1.0229595406385734,0.5362919597958118,0.4634408482695681,1.3053171448001042,0.9629009912579224,0.765475591483828,1.1545950136839,0.5869515951687222,0.9123628782869844,0.830830648623627,0.7365662783846653,1.481507095474328,0.8069715807586395,0.3935875007992233,0.4398124322042123,1.2083159876055305,0.7827072214128229,0.6708356417503538,0.9103792331350676,0.7516256706435491,1.5075394577609955,0.6766002938892135,0.8436259350522954,3.224289552551636,0.4766848008468916,0.6785811757791688,0.9838389709083278,0.467389477626202,0.7686778047652353,0.6991927312850615,1.2989769561315303,0.8892747188045461,0.7584310656953183,0.415155755223178,3.1818636944932166,1.134101457915519,0.9657884391141116,1.0030332068911354,0.411873418934623,0.7827188629642164,1.299931867710785,0.4805313648923905,0.5766327278981477,0.8748228667406234,0.4200417726332678,0.4811242504471864,0.6774752517227217,0.6796218205230979,0.6377238269631179,0.6715242281473097,2.2713242467034926,0.5942785891503112,0.7821827815051926,0.619748503624598,0.5634765500649237,0.6555580694698949,0.9001783172638471,0.4082729132999375,0.7363434669184876,0.755772476354147,0.6882021028060854,3.031555841356721,1.3729187650465624,1.1986006723884108,1.006201425796893,2.0972976588274665,0.9084297733718428,0.7273789707867546,0.7915537520028852,0.8646457430993556,0.8513900532975789,0.5350629016476085,0.4037738326835853,0.6333523408302418,0.0,0.756881961289201,0.669119191122643,0.8300203345149685,0.8598404142332826,0.7894965662539257,0.6735766523502397,2.515865028341241,0.5126779437988511,0.5029044497873331,1.0040308592639118,0.5217932969595296,0.4313865597862968,0.844518941710113,1.0067859694602392,0.4625925496805408,0.9254274943331172,0.4396312497915526,0.3544686611165588,1.463623426709389,0.5083913049940603,1.1428509167835814,0.5172072605681864,0.6676225571714005,1.0280383749428648,0.4632864256135639,0.6695323648393853,1.1365425995682925,1.6712688414197123,1.3606594581276654,0.4997314797961756,0.6809559373367005,0.5259859572497887,0.7342363301575322,0.8511429933373483,0.5766536705582945,0.6913307953247909,0.4420166405494874,1.478849137842247,1.1464295220834473,1.5388204031629742,0.4180491263063762,1.6605627434961563,0.4777186066936322,1.1435352831747103,0.4852674693654722,0.5230111436444735,0.4816024204567947,0.5325241291617347,0.4662557490147518,Oceania,Oceania
1.4334215191982658,1.4104807538413124,1.3604518395277656,1.445240198828588,1.6614933241261305,1.4545228063117686,1.261890824315501,1.194095552859859,1.419925284367156,1.446083902257008,1.368906091865774,1.5012605759673832,1.6406468576775266,1.1739159344641894,1.547588297494971,1.3631186781576188,1.2104112036854653,1.28787242396034,1.2121044492708744,1.449684423272238,1.3207410401066513,1.1224171062265598,1.1056544942478248,1.6603322033981724,1.447611184789273,1.3276932091175693,1.984571037560764,1.4375170483998283,1.37759707772063,1.2935520392901836,1.578933588790907,1.0743759822942016,1.4316971244611965,1.3262264664702468,1.1284537431258916,1.1148577426946835,1.1315620868124776,1.271291826272834,1.20771308974756,2.172263799939804,1.4243033032134833,1.1857043734288313,0.9989330476000666,1.2179469777572085,1.7949437324299151,1.3310360888090147,1.5996464825166137,1.5423122498298534,1.3017022618786669,1.2335845116820947,1.1028845798128148,1.3587488645122343,1.3939291699595788,1.3364846225577207,1.2890189041857965,1.401014385201113,1.2205724312294872,1.455170184454664,0.989536373752466,1.3060261213398727,1.103209281405687,1.2169151287527795,1.4462374259754165,1.1953279551817384,1.393937609307528,1.2264936592555429,1.1409784653472377,1.3942440027136984,1.371608127299949,1.1957027205162345,1.2494110012983282,1.2537691551791048,1.9744682177515835,1.6719592834445445,1.0726960006807813,1.1667734187558123,1.384638019826841,1.0373482158087273,1.4934249437987792,1.3613810833299882,1.3861081556526067,0.9733824820343556,1.3618618265939195,1.7502014891079245,1.331974534972983,1.6185863144793755,1.2132716411155655,1.477661919382395,1.202978079455848,1.5954307865217048,1.5380510701685322,1.7371593625921775,1.2391592572775878,1.560374496073174,1.249650192438487,1.50975686181146,1.3235299318205065,1.730707707904498,1.0645273456109856,1.2649854563401322,1.18369342532764,1.520085666720283,1.1353408929873106,1.0300323012817008,1.829653846085036,1.443329238089245,1.351348900273473,1.683892824795497,1.17390145656605,1.4268765633123617,1.4086992166335992,1.382239383863097,1.9013271002702865,1.3687727327679846,1.186894574686293,1.15115545700008,1.7035520379311773,1.3848509370245523,1.260784784301136,1.5012733764398112,1.344773111587732,1.9005038682215325,1.2713695019101776,1.4346016366749377,3.498396162369936,1.2086748257013271,1.264885005644673,1.5610481230409232,1.1660931045941538,1.3381044216663691,1.2501774764669462,1.8122252217784676,1.4885893841387736,1.3654114883207444,1.0765892176951286,3.508473816406241,1.722835716251814,1.589874419269372,1.595925584725363,1.0940684227846518,1.3914663429486025,1.8290201277056024,1.2069561795858643,1.276838125240101,1.4703530730055472,1.1060003878525833,1.2124906071345092,1.3623978215352,1.273489672519846,1.2442351283659698,1.340598325220497,2.646400880446387,1.0,1.4078821850827468,1.1978077847703692,1.2055176938206549,1.255256215323486,1.4986005349744174,1.1922561884949483,1.3384055839477065,1.334206905231763,1.3020815237151664,3.314832359774353,1.915095012986968,1.680997622844285,1.5738294967349744,2.4817580788152376,1.5109650602858025,1.3234354718432315,1.4064731073570986,1.4158468818293346,1.42674262008095,1.0931073878837765,1.0612344298867251,1.2246227610434175,1.1428509167835814,1.4207137023386662,1.2761059556300058,1.421870741165515,1.441418662061042,1.3763772463363704,1.3694191479804527,2.849255006131502,1.15949452033623,1.2019571552815975,1.6016809500628737,1.268591347006592,1.0855123804550937,1.4327101450187285,1.5931463666304009,1.153131170089552,1.484039423658935,1.0590810355594409,1.0743525616564475,1.9273531932990813,1.1269349303687946,0.0,1.339522926291857,1.1351146914791437,1.585434459811814,1.2330872291953046,1.234056300118887,1.7205767592986851,2.010862003527322,1.8595868635611588,1.145371556856701,1.2895012390171243,1.2707485953076392,1.3840297923251517,1.4529089082798323,1.1629176852029937,1.3363825776333509,1.0562908384266434,1.9627317319395703,1.6938707931750423,2.0018008882235296,1.1850906536340169,2.048649250692502,1.297683973315536,1.670553927462593,1.160611500469374,1.0983919187580886,1.151271117122868,1.283367980465324,1.1543281078746028,Oceania,Oceania
0.8344129286076077,0.8218518329752041,0.7375806303003131,0.8090546319517034,1.0891509645882314,0.821410239295993,0.7214107137478919,0.6116620150708542,0.8022458943627954,0.7584296133277572,0.7834958709527331,0.8667649366573157,1.0260901780444869,0.6423044584103367,0.9471874290089044,0.6956346339937655,0.6561969049497663,0.6847326008114022,0.5992583055806658,0.8667619465684734,0.6553503532812445,0.4648028087606086,0.5063739403962096,1.0357329187136632,0.834297086872885,0.7137487661835394,1.448992221607984,0.8015259520137774,0.6985861322287052,0.6037943569411559,0.8504953327374427,0.624926086179967,0.693715242127797,0.687661755706599,0.4952352500566659,0.484094799203701,0.5079628551975931,0.6714349353703419,0.6014100422539765,1.6715905643745537,0.7957143071974262,0.546429623772329,0.6001168685745024,0.6199867919587247,1.2010205193497077,0.701896409578872,0.9738842828618955,0.912009141551476,0.7156103392224007,0.6587785259204147,0.5415391638369954,0.7571828248400791,0.7744588996126421,0.6830132703395868,0.7014024590750421,0.7527989153598833,0.6647006315171575,0.9219489925490926,0.6874733892059524,0.6886546576284883,0.5378548534405792,0.6893726247808744,0.634925242021611,0.6159869512679627,0.8440888105141753,0.6568298208555777,0.5050887682188191,0.7644623744084964,0.7001694042778435,0.6577433797156313,0.6228776996856598,0.5778303818027251,1.403456460659949,1.061767390199117,0.5453340938373189,0.5665373556304568,0.8006167360997216,0.6492520245494782,0.8635156736411639,0.7227737268872091,0.7216926949606248,0.5702587563015719,0.6581365789529003,1.2059835428761905,0.7316446525763763,1.016542923440868,0.5952123713515939,0.8903700701567684,0.6422627292103745,0.9630678646347242,0.9499476565291868,1.141722426822975,0.7916561937862723,0.9900520831570604,0.6678415834719197,0.8952626519804515,0.6825382996174352,1.1976530272030377,0.6069156464826828,0.6154490746362512,0.6554895905811544,1.0048438452877977,0.6396510318393439,0.6142717509841654,1.2243531984833438,0.9977383677500684,0.7478155274206923,1.0822354105593768,0.6489857187403586,0.882234629098328,0.8076490919154545,0.7088233832106084,1.4504359638043132,0.81010533889514,0.4644429295976955,0.5279691849863802,1.1808206914933923,0.7677845782373769,0.697504570831811,0.896222713601203,0.7880325874879408,1.4688774946350536,0.6991152014790594,0.817820488365817,3.1798543625838884,0.5732975131748771,0.7088495143236515,0.9266222466419894,0.5937061823984702,0.8130127937177678,0.7631924803982821,1.2552125219687706,0.8303581363826302,0.7719607864521505,0.5396819648453273,3.150624448369141,1.0667282042818225,0.8990783528314098,0.9641714541395106,0.5263907251507159,0.7685931126915894,1.255317445611607,0.5406539037902676,0.577421112867084,0.8459206303886908,0.5321191105305535,0.5421937892303182,0.6609807836252862,0.6918149069358338,0.6619841354336228,0.6928790873140092,2.242603649899703,0.7453803284919712,0.7434646980183804,0.653881007440311,0.5955170656362492,0.6513610674313258,0.8527072430306035,0.4977015150418822,0.7492215832331275,0.7669261674318892,0.7126523487082868,3.003120769279589,1.2947618544184334,1.1835157441908113,0.9834253377960308,2.0720711437006383,0.8847978689219754,0.7181513675904675,0.7782198282614691,0.8481688577561992,0.8258956555769573,0.6338878779823655,0.5335289474348887,0.6569163727762256,0.4632864256135639,0.6877891904520377,0.6865783964007227,0.803887865872296,0.8536959624962174,0.7820154265844067,0.736739997148918,2.4603611815915296,0.6131665722844853,0.5754901909390022,0.9460087357279604,0.5860238968655932,0.5378543464333629,0.8276923381294142,0.9237289715070832,0.5380597902807511,0.8659582321864951,0.6086914934294635,0.5028706429997629,1.4118356777113816,0.5917607047477854,1.2330872291953046,0.5729455471525495,0.7562675532635721,1.0191282938302717,0.0,0.7119538334237984,1.0604102830136055,1.6926534462597818,1.33900662985245,0.5956834842354533,0.7137233368524376,0.5718624286478722,0.7059364687969484,0.8325912107340065,0.6295549193922778,0.6673948609476845,0.5475496151369343,1.395749134404755,1.0730688508624733,1.5132128489472014,0.474138420285624,1.6921180661681023,0.4734867058668292,1.0883907314256822,0.5555264329107881,0.6026247298281799,0.5297273305804305,0.5580099274747042,0.5541075621477283,Oceania,Oceania
1.7951961840300754,1.7798609842508006,1.7147717798796376,1.7924134289187292,1.9478594339300768,1.7331965145685582,1.7075839129884682,1.6877164263138993,1.76398794728705,1.7880229830900698,1.7392197734847057,1.7401704945696204,1.88037787850738,1.6801766135689942,1.7980316448746576,1.7324255001293436,1.6885683403171527,1.719071000887668,1.6997770070398257,1.713478147263683,1.7076644620309618,1.6651750452322216,1.669229810216597,1.9237371748442391,1.780265237984356,1.7322656071735738,2.130681910633845,1.761724757728618,1.7332090654575991,1.673452332154006,1.789768149849724,1.6899391794989576,1.735285741108669,1.7137497083936777,1.6765313191384528,1.6614250149576175,1.678329637393538,1.7046636177420402,1.710711723640978,2.242273898045135,1.7604168420308672,1.6835703338705403,1.681415978549846,1.7088962620440988,1.9762401274355952,1.7004058505002857,1.8588350866646528,1.7960205092638473,1.698863629470449,1.702784212294452,1.660141434841407,1.7388894848111234,1.7767668157548984,1.7401736770616576,1.6963888800560345,1.7479747489321291,1.7096278550455353,1.7739543646426834,1.7102173036753576,1.7102813585887553,1.659759966039242,1.696318927038036,1.709854272659644,1.7149727592129156,1.7787226140529186,1.7042728822583135,1.667955848359118,1.721311710626287,1.7349243753293315,1.6823487001419517,1.706822658925643,1.6711575444567168,2.080096027004473,1.8700278734779892,1.6391556893026136,1.6629263984841458,1.7815524154426066,1.6916116147577958,1.7754293321030097,1.7567699567829436,1.7408304067292364,1.675913936449957,1.7233772528324662,1.9502468471235272,1.749639362395836,1.8492121454297692,1.6933102173264107,1.7596850776904949,1.6928183566053818,1.8173761915735556,1.8057221251356748,1.9246426295137893,1.7548736197760566,1.788719089178994,1.7035434092649857,1.8051718931648568,1.7497090338149262,1.9024290257035383,1.6783811561157789,1.6810657934720965,1.6725620177128118,1.854746815604452,1.695849873681645,1.6905765237109545,1.9927737387393047,1.8627944858894976,1.7324857390745625,1.9335637085781168,1.6836090589262886,1.79117463198463,1.768224379464949,1.7252459507046891,2.0717369784490463,1.7470311256757678,1.6468450061446909,1.6491294299174364,1.9234981502353607,1.7529851518934478,1.7133017971564646,1.7601842097857294,1.7302726028657884,2.1010640622732035,1.6992887317037528,1.743548052139122,3.524128428391738,1.665438143390175,1.6979932446026793,1.7757816390625452,1.6690519840565183,1.734596778226508,1.7197725740556875,1.9827006828395863,1.7979959111185173,1.763979009192815,1.6599752094987694,3.4643867524093883,1.8767971131384464,1.80694228345864,1.8085731710470945,1.6680707169379958,1.7567369842689533,1.9780942953172316,1.669436594085089,1.6672356113918223,1.7924330674431372,1.661048255501646,1.6499810930937042,1.725264344494446,1.7131609517634552,1.6966630238959888,1.6858292923981888,2.668381961361841,1.744581897541619,1.7257422870385322,1.6954309364201854,1.6977552902662785,1.7129810375842038,1.7759597371280995,1.684785452578627,1.7589518712689185,1.7256727560891298,1.730478650257999,3.36274500183532,2.018608355452111,1.892080384041372,1.831144766035492,2.538435775602446,1.8016467322815808,1.7183769849134174,1.7627091711269232,1.7397960867665263,1.7543077325951413,1.6863905475977048,1.6569089123985865,1.6895092508090046,1.6712688414197123,1.7276010300903943,1.7065287712755948,1.744274691522785,1.7651360002760332,1.7188718319045888,1.715551483073479,2.8750448149228105,1.6742421476199398,1.648049627700133,1.8169238125293496,1.6584829895462072,1.669602010928796,1.7891897187161458,1.8456255089059848,1.6722825197900468,1.801808254174691,1.6900963060581042,1.659576764380278,2.055264182650718,1.6586809670885232,2.010862003527322,1.7033367270697564,1.715100801276108,1.835614633971028,1.6926534462597818,1.698283739421497,1.892055639416384,0.0,2.019725042296854,1.6693920287710595,1.6945389389939272,1.676164456588919,1.7222947779833553,1.7677020167257202,1.6700569041931426,1.7283530549129802,1.675583160453166,2.1284850849106647,1.915101679464975,2.117360717202564,1.6789435733748803,2.3103353004258453,1.6690784889741492,1.866784048339181,1.6524280557924402,1.6882854923164503,1.6629864494303686,1.675371480684609,1.6585837405439237,Oceania,Oceania
0.7711030040488115,0.7643082224563393,0.6684315947502688,0.7621906908340913,1.0673407423481214,0.7648862892191453,0.5875500192870704,0.5382059190039018,0.7308362314312234,0.7783890065995246,0.6791272602866374,0.7998782629767478,0.9897703620430705,0.5254932792565158,0.9027932403204604,0.6138572910783547,0.5686102690887787,0.5732388229618787,0.529088117789594,0.7771548688001305,0.588576756268346,0.3809118649170075,0.4024380606293603,1.0060157799492548,0.7942716039265225,0.6459755628228098,1.453806919936658,0.7424761456826346,0.6447359123271738,0.5538717308046325,0.8205878360900299,0.4895395241268724,0.6487630384552812,0.5943777309470807,0.4096367198720151,0.4158078456726238,0.4085183344680244,0.5440589227439264,0.5203417653280817,1.6731759430288504,0.7259136727258254,0.4785487989098519,0.4881721208599748,0.5254957851000892,1.1668649163184668,0.6372138329390337,0.9311689780457236,0.8402804861776512,0.6024808840279795,0.5442414889814188,0.4268250799522994,0.6577618448973982,0.7174820245980408,0.6222186881537164,0.6053677472720991,0.6999845139208187,0.5330808134245525,0.8484269010336011,0.6081814569312638,0.5838158986832561,0.4471406258569729,0.5682597539993098,0.6189077677295978,0.5907430325244739,0.7909237679532901,0.5359640694258837,0.4093612547020797,0.67972694274768,0.6460813108203356,0.5242755418730382,0.5309076006767722,0.5111867461875312,1.366869154623276,1.0535318415799733,0.4294599571718905,0.4781319419668793,0.7159828831206257,0.5581625044089492,0.7899849427367358,0.6890276524853309,0.6583215355982334,0.4690231361268032,0.5841113216796933,1.1550183667262024,0.6912216784126762,0.9695116621110106,0.4960654860272971,0.8068551717139744,0.5670921546599412,0.90496266286987,0.878997721288968,1.1048591427203316,0.7117099067423971,0.9538353232976629,0.5469563108328704,0.8213598379982221,0.5778538317997557,1.1372581311329413,0.4946903197791996,0.5382619556421501,0.5306505885728415,0.9623979821463262,0.5894601389995975,0.5132164675886012,1.203722560452539,0.9215555993569624,0.6936371884858831,1.0590295514525851,0.5352387895099542,0.846937652840668,0.7287149037973145,0.6237623602199821,1.41480116010337,0.7596082956884995,0.411636956093901,0.4455536473791982,1.1218136852400955,0.6686850741066663,0.5705894885151458,0.8551894976856279,0.7032957718550693,1.441134834127327,0.5764294473077775,0.7456691375525492,3.1677862445367184,0.4773289472788333,0.701014356272775,0.8695265382586108,0.4805208018816029,0.7263769650040914,0.6353798277175019,1.2157949663138317,0.8208128845988522,0.682998122927742,0.4438598445863961,3.1623659186985624,1.021569809439273,0.854436766902171,0.9199617177044436,0.4145227321660998,0.7048793297027034,1.2363008002645026,0.4601562669794229,0.5273928326873704,0.7622971188432953,0.4259337440021854,0.472325854571858,0.6375246136370137,0.574058956954536,0.5551450853038533,0.6111718673733739,2.263108872735853,0.6558055222180786,0.6776079827633501,0.5676819428818495,0.4976604917036589,0.5870759750959141,0.8079885598900369,0.4595163697277339,0.6967167018072535,0.7032207111974463,0.5980823945255102,3.001796127228224,1.2641673066978245,1.1380288249832191,0.916573869178802,2.0793395904030625,0.8418016901050319,0.6440384419952351,0.699197408228439,0.7644847518286484,0.7627613365214986,0.511433162240374,0.433722383677256,0.5733704446115075,0.4180491263063762,0.6621201763168751,0.5853133302536924,0.739502502971658,0.7532117072429289,0.6793534392868595,0.6915872646826422,2.448734187442591,0.4977364017845913,0.4997524861019126,0.907722784631323,0.5256044604071888,0.4866379085766272,0.7944372430010783,0.8949388093135868,0.4736760053385192,0.8662334487728082,0.4943446196048666,0.3955102343591951,1.388542644071556,0.4747442077236642,1.1850906536340169,0.550394336894026,0.6910133958055992,0.9483161532055346,0.474138420285624,0.6144375106487127,1.0301926141744764,1.6789435733748803,1.2881309492493558,0.5166421856728671,0.593081509616323,0.4837710672426756,0.6418411358149219,0.7655157114148143,0.5040840324958156,0.5996528252238303,0.4586633860086294,1.3952233142811663,1.0556634444095887,1.4776984216110511,0.0,1.6659562297081705,0.4601532764505061,1.0480124043601546,0.4879435977016875,0.5042817379227319,0.4265957055957466,0.4992718425235439,0.4740282517025276,Oceania,Oceania
1.7383579922557948,1.7941159144542524,1.6895718476359265,1.777705284134484,1.8479735146827097,1.7444515301643788,1.7177471579645198,1.6913081215627914,1.7335889504668167,1.7842585927493924,1.7128748625380532,1.770013214093858,1.852314458481747,1.7235037972180474,1.8037957804410032,1.733137045798216,1.7347900088080124,1.6842813982267355,1.6724890093192786,1.7485913717501262,1.7082843505012737,1.6530929623166328,1.6661016494481948,1.892741772055856,1.7538427238668803,1.702184870453703,2.1356298147122685,1.7279578140522536,1.728287429284568,1.6730091147365669,1.7649998300239471,1.7131520327109364,1.705825087897226,1.6934347287275873,1.669008799674214,1.6657617912334726,1.6580667239038624,1.6759444562165442,1.6889433633643036,2.2780104466351383,1.7460018032612117,1.6802194055418678,1.7163538256828093,1.6908183351934096,1.910803900385836,1.683198219070958,1.838837736952339,1.7597823942699549,1.698988980794002,1.689334482705558,1.6747434893236737,1.7379308805080187,1.7468412983303414,1.7159946100900958,1.6922297646249849,1.7258884455561416,1.7088388984051277,1.7785962100637258,1.757680903672303,1.69057276554134,1.6992649647151987,1.7111305354902286,1.6975432935128931,1.707772442297235,1.7725034703917597,1.6671147325768874,1.6574769653671628,1.737769816770623,1.7378059308619542,1.7025760738273623,1.6581145352521365,1.6881203420588946,2.054136241231943,1.824269222904443,1.6819616720080837,1.6650981602800277,1.6836190355922558,1.7452038499518543,1.75864481769547,1.7428661293306058,1.7302035198439365,1.7142155644306971,1.7045837071031238,1.92675317591364,1.7488129283966514,1.844357383746969,1.6824603532050626,1.7474127930052064,1.7108444649719825,1.8320714485935503,1.8049378582253075,1.9304996183871723,1.782351716961427,1.811282138540798,1.6910218620006952,1.770946626353368,1.7245498446782683,1.9060248205636936,1.72072051586689,1.7221801927055889,1.6925498055281856,1.8537836732394315,1.7410648567870046,1.7174361910837164,1.9837012088195112,1.8544898391878395,1.7553841400545396,1.930643803751,1.6929458229123926,1.8238224769606717,1.7559051339465568,1.6990283736018856,2.0509153563550577,1.7789755428634502,1.6748627849818043,1.682008931807039,1.911225051359395,1.7127648307719894,1.7115941040480511,1.785489125414739,1.7142213249344809,2.04975902190459,1.7082299198733382,1.745940712987485,3.358030136682187,1.6564048597866805,1.75051099857832,1.7975247966070689,1.6670045285075104,1.757547628982019,1.7345326374741394,1.942339827000439,1.7954566107343597,1.662088456859144,1.666555483793271,3.429141501055593,1.8554569962147407,1.7708312483423498,1.812644364278778,1.703048330581101,1.7305950362563776,1.9483330908356573,1.69120687465798,1.7080053226830605,1.677409531101267,1.672875697964801,1.6821082326148402,1.6972793777437287,1.709747960877837,1.7116039467556163,1.720734063998011,2.737356780790042,1.8001227772661827,1.7309000245031458,1.7304042935666282,1.6960837813534064,1.711724324703923,1.7202530195696308,1.6992873453664634,1.7569606002057727,1.7575706011310688,1.721637291584447,3.0973001609254074,1.9610788224490607,1.8955269777596329,1.7808315111675317,2.493127655672295,1.7619992658778638,1.7398557119707472,1.6590378014214902,1.7641555333148926,1.761354235415513,1.7208545382291398,1.6988823165746714,1.7188850025842302,1.6605627434961563,1.7131738426414784,1.713499486750356,1.749844445121471,1.7442121054360171,1.7123599685267203,1.728624945082101,2.82195303229823,1.6677534578814464,1.6841464204873955,1.781411145194488,1.6801424206641302,1.7055692364176749,1.7670536489064634,1.81186636066693,1.711684687673893,1.7913696484654344,1.7129307429190623,1.6672263290015996,2.0604004023143245,1.6949575190104622,2.048649250692502,1.6428672346366566,1.7348580306169938,1.7709393656229897,1.6921180661681023,1.7269725018943385,1.8697922476707407,2.3103353004258453,1.983827080668981,1.71671537456123,1.6923314815840311,1.6776986625316772,1.6915901602014445,1.7170550350350555,1.6975203334963345,1.7138292476172288,1.6701538548021126,2.1060770147287906,1.864585722723381,2.0996490561883467,1.6659562297081705,4.214684851089404e-08,1.6699465154172608,1.862332590509351,1.6711069632252755,1.6796286274015353,1.6899980170362892,1.682633232457468,1.6896808591450605,Oceania,Oceania
0.7995644672276546,0.7562406369218966,0.6565206357881338,0.7485284521541496,1.0800111749368255,0.6910360033397901,0.6748674847269303,0.600062936201318,0.7424725522390525,0.7648818732613396,0.7186754925957544,0.7927282778726372,0.9676932965599896,0.6243697998693798,0.831209571486565,0.6314824947828497,0.6075870165750986,0.6322608936438211,0.5441455805992375,0.7761752537248443,0.5913328026094921,0.4447508401341153,0.5197002940816877,0.9840316972875768,0.7705785464700798,0.6569863688792611,1.4447423114434648,0.7534432968801903,0.6302263651405985,0.5346763910650223,0.7212811449601696,0.6452339519949586,0.5977704143852114,0.6337347541128728,0.4849078911073389,0.5137357013722781,0.4766419923253883,0.6120083306757648,0.5567706481516851,1.6486043955258325,0.7177868013458987,0.5010400176315799,0.6474655284215686,0.6127981139701187,1.122055876821937,0.6449216000042148,0.8926104206919,0.8199154938064197,0.6566802163673506,0.6190550466841177,0.5519034727297069,0.69140299997265,0.7527112585829514,0.6276884099083326,0.6418383808270084,0.7109058302466178,0.6337931954956317,0.8561589626366799,0.7685379774285125,0.6332498860188626,0.5608168180695452,0.6378695052534021,0.4989138917007579,0.6597170146990284,0.8478976103790056,0.6254088390879557,0.4742960488831164,0.6960197958140744,0.6591648980403947,0.6426923518402277,0.6075887102022958,0.5192926325343453,1.3476307161371508,1.0168101820154238,0.5445551262053645,0.4853957762756447,0.7582826247844484,0.7191794387947538,0.7742829457483545,0.6532420449369348,0.6528463560440555,0.6231073164828329,0.5556109042979195,1.110293014676106,0.6808269102742892,0.9079657946599956,0.5209045582208465,0.8208460795668282,0.6014814368742857,0.8705339324164258,0.8666944360586099,1.0673661993703591,0.7895595107653388,0.906676871504668,0.6212949007949882,0.8201637211004698,0.5989951496747559,1.1089462462776871,0.637877503664745,0.5624167989646864,0.6306905092546419,0.9223823930643468,0.6796993495033729,0.6721374153704115,1.1537989846761474,0.9503317548611095,0.6995865863281856,1.0205060551359724,0.6432691374491377,0.7768284000383187,0.7301719471565472,0.6489328580666694,1.439858600287616,0.7406928601362748,0.4024652659746545,0.5017687859836573,1.1037054219829057,0.6947843129992941,0.6334705702414611,0.7900536851138584,0.7248603734120793,1.463148176954407,0.6528102814838219,0.7003044163220058,3.1604111261184653,0.4927296226400333,0.7537810920376132,0.8156993505823675,0.5365484902662846,0.7435183496740567,0.7255354793290673,1.1606835902389645,0.8288189210602599,0.7327033599656376,0.5415345353270193,3.112682904667318,0.9677388735337928,0.8003291484510944,0.8531235818303858,0.5344947310463519,0.6980309609776157,1.160478153663599,0.4865216173722428,0.492908565861851,0.7739694281086649,0.5280670121832545,0.5022153814076269,0.5911316072544979,0.6419018268282234,0.61480242083118,0.5826887171146776,2.2430036087134333,0.8270330674162897,0.6653993386572374,0.641965058389738,0.5736855015634804,0.6015142402914972,0.7742613368820074,0.4401697223790356,0.7189616594218194,0.7135056393370436,0.6746442634125089,2.990845558068442,1.2103019855561827,1.1009176854176148,0.9077821219249744,2.0534074465772285,0.8233931966019389,0.6562809085652273,0.7169000096959575,0.788004191707832,0.7032962032637101,0.6587035491145398,0.561398638552711,0.6331238949462036,0.4777186066936322,0.6156367603823294,0.6315624714131549,0.7176025324851357,0.7761551626729692,0.7095815709166119,0.6563271154739493,2.4630737394040585,0.5841866540935282,0.5327759162780943,0.8242782897050946,0.5426528770770467,0.6069624549235305,0.7624401308923466,0.8729076531446245,0.5265611081229356,0.8698265567958217,0.6498195728437901,0.512318338456095,1.304531604502767,0.6037352264650383,1.297683973315536,0.4898709985799669,0.8047141700672527,0.928987048986222,0.4734867058668292,0.6860115451916939,0.9543936907612028,1.6690784889741492,1.2579398586673225,0.596230618041101,0.6464140419065554,0.4809823446832804,0.6490602040359863,0.763109024021399,0.6213808542316969,0.6031445693832949,0.5709158453163558,1.3664435406969813,1.0462534640254433,1.408320662108289,0.4601532764505061,1.6699465154172608,0.0,0.9852129875508406,0.5349575707366295,0.6378697105263945,0.5142330356824787,0.4617646902737819,0.5347535924515929,Oceania,Oceania
