ISO_CODE,AD,AE,AF,AG,AI,AL,AM,AO,AR,AS,AT,AU,AW,AZ,BA,BB,BD,BE,BF,BG,BH,BI,BJ,BM,BN,BO,BQ,BR,BS,BT,BW,BY,BZ,CA,CD,CF,CG,CH,CI,CK,CL,CM,CN,CO,CR,CV,CW,CY,CZ,DE,DJ,DK,DM,DO,DZ,EC,EE,EG,ER,ES,ET,FI,FJ,FM,FO,FR,GA,GB,GD,GE,GF,GH,GI,GL,GM,GN,GP,GQ,GR,GT,GU,GW,GY,HK,HN,HR,HT,HU,ID,IE,IL,IM,IN,IQ,IS,IT,JM,JO,JP,KE,KG,KH,KI,KM,KN,KR,KW,KY,KZ,LA,LB,LC,LI,LK,LR,LS,LT,LU,LV,LY,MA,MC,MD,ME,MF,MG,MH,MK,ML,MM,MN,MO,MP,MQ,MR,MS,MT,MU,MV,MW,MX,MY,MZ,NA,NC,NE,NG,NI,NL,NO,NP,NR,NU,NZ,OM,PA,PE,PF,PG,PH,PK,PL,PM,PR,PS,PT,PW,PY,QA,RE,RO,RS,RU,RW,SA,SB,SC,SE,SG,SI,SK,SL,SM,SN,SO,SR,SS,ST,SV,SX,SZ,TC,TD,TG,TH,TJ,TK,TL,TM,TN,TO,TR,TT,TV,TW,TZ,UA,UG,US,UY,UZ,VC,VE,VG,VI,VN,VU,WF,WS,XK,YE,YT,ZA,ZM,ZW,region_1,region_2
AS,40.63494688644667,28.01544060501278,28.416150180994837,28.808784119106967,38.3502972027972,32.52669615384629,27.16103173076893,25.837719258241567,31.512025191066883,0.0,31.324263016194102,32.66307395673072,40.93306868131915,26.32612117647044,34.032447451923225,28.58789663461516,26.015917300000037,29.09905504875418,30.653261616161664,34.460546324786144,27.717980076923464,25.800946730769123,25.916813566433586,41.60730769230825,34.17762466063329,28.16229932692316,56.13043749999991,30.511561123076813,27.792830434782186,26.21610647773287,34.838457130509816,25.62449031979244,29.832630769231,28.370282903009866,25.583862948717723,27.29822517482493,25.52776422466436,27.767239878542323,25.928136471571705,55.43995804195805,30.59512961538473,25.058965384615288,26.778934205128103,25.182922116625257,40.10557825174836,27.162642769230665,34.64014807692257,38.71576484698022,29.612931975867035,27.33887024519221,27.290950854700725,32.12737354250989,27.20487179487157,26.7061916643354,26.64982304029299,27.720959741258813,28.610753501722225,30.205939403326607,28.10704878048756,29.11015724358976,25.44607347756432,28.88286283819609,28.198390461538487,25.23162108262089,33.35180982906006,27.240727798642464,25.57412529137512,29.464814129455803,29.164052503052268,27.307418184615194,30.003408391608083,26.08110682336161,50.03089632107059,38.62666666666716,26.59253311965772,25.767439871794675,31.546586923077147,28.79015384615368,33.644575524475286,28.864792655426893,32.582175641025174,28.146123076923057,26.37335641025639,41.50465444444431,27.1880009450551,36.132319514170085,26.091010230769104,34.26490249662616,25.376130669230736,36.486634697802025,33.54554834987583,54.56166826922989,25.631500580056787,35.67445833936653,31.492442307692063,34.93567949379633,25.402621188811302,43.98688844729333,25.92638801538449,26.68909158179845,26.520895384615407,28.77043615384604,26.60965217391285,27.545464285714072,47.46213513513544,29.16886981447989,26.535738230769105,36.02349921507066,25.75093641025635,28.713017415384552,31.34646783783823,29.0712464846978,61.62337435897402,28.361872267206486,24.9217236467236,27.081072208436524,54.97778173076915,34.82754801864787,29.85093297966371,34.5581848653845,27.901090923076755,52.61765384615376,29.27228660049597,33.66868321678309,103.07202675585268,26.23985999999992,27.300448160534987,36.99935153846157,26.293163076923182,27.028184141700244,28.80416476923074,42.644437500000095,30.494534412955225,31.82108717948706,26.196949893162493,73.55154945054936,45.92822393162394,37.36889128205126,35.33554705882342,26.291639335664115,28.576497999073165,39.9634837290968,25.517116269230737,29.400009999999973,38.24949374999983,26.58421020066864,25.05227677307687,27.492766895604092,28.671036923076983,28.88310021367496,25.82110927884619,60.3433988603993,29.83884615384586,31.026661235431348,26.241956599190377,25.678290364372465,26.279879070233974,35.74947918552007,25.237113562752985,25.169359009049675,26.449657463800712,29.524078639422925,85.34936842105238,47.174003117408745,37.85522423076907,38.622550409428925,63.71764253393698,35.22853074660578,26.981355741757906,35.254465865384525,33.11020704866583,29.995317319347496,25.35899028205114,26.369587127158372,25.924889100961312,25.670376470588057,31.036000000000055,27.71169324519234,29.165365152057383,32.95872937062944,32.428236984615395,27.19979882659724,98.1810271493211,25.50857045673057,25.50670410256388,35.63592843822826,27.32582115384636,26.20155305039767,29.108356388888566,34.48218503118522,26.07855128205114,28.84694586894557,27.82137692307687,26.153338337468973,46.428682698461415,26.7744076923075,29.83884615384586,28.171338009049474,29.847703296702974,33.86285972914399,24.97971524966249,26.87537145804184,38.29078830347735,44.43532388663982,46.38444569635622,26.83362223443223,29.261980531468545,25.673850291777057,28.15263250384609,33.31415652307682,26.818085702340863,26.564327228327,24.789506615384667,45.28910576923087,37.25064721485398,44.02266298806367,25.90050000000005,51.374301003344605,25.118339230768957,38.60446277630422,27.24704362637345,28.51582826475822,25.05737164253393,26.50810824786315,26.006543076923094,Oceania,Oceania
AU,33.545574348214224,21.516178950140493,25.71364946691176,25.738942094758045,39.40709159659077,22.57717760096148,24.235741395833333,25.25519040178576,19.168100973790317,32.66307395673072,17.69225143092109,0.0,30.775292616071344,24.57738294485295,23.426848937499944,21.612193687499968,25.397885570833296,17.46292875968316,28.63970399179287,22.257081937500036,22.207038937499966,26.22286706249988,26.975652789772752,33.282928623397346,23.818744231617536,20.60776637499993,52.78857031249985,19.652614660576976,22.209805828804303,22.88925742434205,23.9087661369382,25.21190791643259,23.06815611011897,13.80225281793482,27.794136979166648,27.983853892045406,26.915615848214305,17.498161259868425,25.748808790760933,55.60800758522704,19.24128391826924,26.135845187499875,28.398525020833397,22.4716498608872,24.79176000568173,23.65696343749995,24.063670020833232,22.30791901142464,19.069053800245104,20.33806593749995,27.573812673611123,20.101135536184252,30.547567034722174,21.682559494318248,22.83329874107145,20.79167450568186,20.55514902518656,22.561138076013467,33.04964426676829,18.673290979166687,28.44053056249997,20.656426209051784,20.72099043749995,31.89897224305553,32.09816509027772,20.09333100367649,25.484699922348504,13.259984403963418,26.61568055257929,23.712767037499976,24.546978664772706,25.29295688657407,44.2617182038042,34.76826430608966,27.463513548611136,25.276536798611072,21.79907593749996,33.0833497483974,20.12863708522732,21.964029035102723,25.885650020833257,29.59457031249992,21.9788262323718,28.668190173611045,22.58717345535717,22.54840725986843,28.08951056249996,19.545766882675423,25.20710641634619,16.202871562500032,20.07988899395162,40.652023062499765,25.20493421250001,28.992505452205958,22.521667504807677,20.05541608669354,23.08182482386355,34.13996694675922,26.9458390725,24.08154336707758,23.69380443749989,25.34709354583335,31.355099899456484,30.035302705357164,42.01858918074304,25.032760297794216,23.04119214583341,29.23346939413256,23.31085769940479,24.55601281249998,21.856219832770325,24.742216817876287,55.65738481249985,22.68906804276317,26.31453297453708,26.423428768145083,40.94849656249988,20.03587915340905,20.389112486350616,26.76492631249992,23.489366187499957,48.6668703124999,22.017764331317174,21.987919092802965,97.22996930163072,23.64337687797611,34.03784760597821,23.50333581249991,26.16219381249992,24.18578128618418,27.338000687499967,30.160840812499867,31.70097882565777,22.41421731249996,27.5308442569444,71.82139920535728,27.630089687499957,23.800016312499917,24.07183742279403,28.4293332556818,19.2075389600904,26.657954970108637,24.490188812499955,23.082730562499965,24.591984187499964,26.491907192934768,25.46852348749993,22.43827693749992,19.76851081250005,19.7648013680556,22.23669472916665,58.87956585879618,34.60353281249994,10.606302399621232,25.407169970394825,22.224276825657856,21.143550654891342,24.910334305147032,26.42054737828944,21.96333333455887,22.96717968014713,19.52824624999999,80.12968920065798,31.41082322697364,29.292814901785757,21.955521860887025,63.06246402573516,23.013668268382293,22.239714830357094,22.931977937499987,21.023855929846917,19.865479164772776,25.001924479166696,28.538842146683702,24.92731674999995,27.37061506249997,26.872303937499936,18.60380231249997,17.653804888081414,18.81585356249994,19.671553312499952,26.0556367680084,90.2901850625002,26.069664874999926,25.7437724375,25.257524501893798,26.079864187499894,29.158620691810327,22.18815403472231,31.609240288851275,26.816008951388845,32.49372469675921,30.1944584375,27.708786502016096,35.55181648749996,25.81737198355257,34.60353281249994,22.38798117769601,34.25150530059515,23.157875426936695,27.93676208662276,23.29904064204545,24.189682403253386,47.30844860197364,33.04889700328931,27.060612044642845,21.24459542613641,24.4843290193966,14.111568778409076,19.29225908750001,23.85790632336957,26.597605092261848,25.69291229326916,45.141578687499965,35.285431937499865,33.41039613577585,26.270999011217867,51.26443933423901,25.22628706250001,26.714326460488536,26.97126814583339,28.32736110029066,21.485843356617725,24.64036356249996,26.141081226973643,Oceania,Oceania
CK,66.51482034632016,56.11616788559743,56.85062411764614,58.41898240469187,59.35913636363634,57.59842846153863,57.52787174242382,56.56518042207758,56.89931197067423,55.43995804195805,57.206497392344566,55.60800758522704,63.40287987013031,56.88283967914354,57.822008465908766,56.420658522727,56.91402226969677,55.85412234314934,58.05634242424208,58.3019651515151,56.6876109999999,57.84012204545483,57.286207272727104,64.43118648018681,58.09743395722,54.99601184659095,64.47776704545434,56.66460227972018,55.68374584980188,55.72839808612444,58.69510980592457,57.20019969356505,56.18165800865831,54.6449284664029,57.6794804545459,60.03354545454515,57.40000331890318,55.52026401913877,56.38199286561297,0.0,55.814695055944185,56.8460329545456,59.09986636363628,55.28481701759492,61.81435666666661,56.42718218181819,59.739444696969215,59.85254887585414,55.76654616755743,56.75635664204543,59.71691565656517,57.70502423444979,56.065946127946205,55.31283490909107,56.07748911688331,54.97559227272728,56.73257598371792,57.21286962899252,60.41082705099774,56.22818730303059,57.95338793560634,56.7535943887143,53.519286181818856,56.3682592592593,61.42626515151488,55.99150509358277,56.95178636363609,55.39237415742784,58.48111255411265,57.36976723636339,58.89690909090872,55.46282594276076,68.80600395256944,64.89775757575792,58.65808560606092,56.46020015151471,57.2644181818181,60.33187645687647,57.73837709090903,55.121905217932834,59.093560606060166,60.73413986013985,55.141038927738805,61.09236680134686,54.7076734805199,57.88634497607618,57.75108427272679,57.17495864433759,56.2915455027972,58.91098756493484,57.24984523460356,74.36275946969626,56.889278463972815,60.06397010160413,59.23131433566346,59.41305609384149,55.07089181818149,66.24240008417502,58.23230653454561,56.23741491677277,55.83214515151493,57.26341889696972,56.733766798418976,60.15203961038964,67.87551105651104,56.68381570588231,55.745403545454266,61.25711131725438,55.61633419913423,56.15266159999972,56.6381962899261,58.10624535679343,69.94122424242386,55.9312057894732,57.36113973063907,57.832065395894624,71.15547920454513,59.80887575757563,56.25413019853752,59.28398761363667,56.00200081818159,66.93365909090883,56.2894962854341,58.94312424242409,111.96288932806392,55.24132164502166,56.190616600790456,59.49316272727231,56.82787988636317,56.30000611961726,58.41285109090842,62.36071750000021,59.89011961722471,57.17262121212071,58.27349558080784,96.4380259740258,66.26448282828291,58.68327636363605,58.52202299465302,58.5619204545453,55.60745236035067,60.708363893280215,56.100145318181305,56.38497606060572,59.99640511363617,57.75854723320134,56.24710300454553,55.20914431818135,56.66642060606076,56.589912777777776,54.72536975378786,75.38260269360276,62.09936363636355,55.06369424242426,57.41696248803771,55.11584181818155,54.50954350988112,58.12206149732593,56.64568636363588,54.54146497860936,55.45437034491968,56.094199778408935,103.4627272727272,64.70248043062156,62.42636616883041,60.43957541055632,74.65773262032087,58.33686510695127,56.35588262986949,59.14157859848485,58.0153594434134,55.78217121212148,56.88770753030337,58.86246233766171,56.69013417613616,57.91378930481268,59.30566666666634,55.77428846590925,54.77846321353019,57.063340404040126,57.35670014545452,56.90576194144855,96.808978609626,56.85626849431837,56.94116181818133,59.62980909090884,58.12649318181784,59.03226175548596,55.31759744949484,60.25927518427536,58.11820808080773,57.75943771043782,60.27058251748246,58.24690483870927,65.40878834181831,57.59496985645944,62.09936363636355,55.21797130124797,59.82151948051937,58.17432226632472,58.05735885167473,56.63010409090904,58.593837982565525,70.24579904306219,65.0227594497608,57.15339783549752,55.34127599999994,55.29313561128482,54.71224009545443,57.45491159999971,55.812157411067496,57.29273304473317,56.720182951049125,58.62144318181802,61.36857680250734,64.31761367868341,56.3791689976691,74.18715810276682,55.6917009090912,61.59553166144258,57.56727025974032,59.47123890063399,56.17644917112297,56.07601166666618,57.23227703349298,Oceania,Oceania
FJ,35.49911028571438,17.94705734831457,21.015102235293934,23.0388584516129,38.23151054545475,21.42155215384624,19.657686166666576,19.83242335714285,20.51508806451609,28.198390461538487,20.57662015789464,20.72099043749995,33.493262857143016,19.98541576470589,24.15306237500001,19.50122024999998,19.550907300000045,19.25218352112674,23.322797939394004,24.046519777777675,17.701493000000077,19.746985500000005,20.62137854545457,36.40311538461574,23.0256111764704,18.05803299999995,52.59049750000061,19.73928423076924,19.060226782608677,16.819135789473695,23.15428750561797,20.58921276404492,18.60342761904759,18.414251826086957,20.9775875,22.60847636363637,20.312872825396923,17.77347284210527,20.013318043478257,53.519286181818856,20.511808538461604,20.03750799999997,22.34271200000004,17.9119648709678,27.63708878787888,19.37971599999994,24.056803666666536,26.01678653763429,20.48122125490186,19.013194249999984,21.833026888888927,22.35881836842101,26.703214814814856,17.15535381818187,17.88861152380946,17.92838681818178,19.798186865671635,20.246449216216217,26.596615317073255,18.571222916666663,21.612877375000103,20.18396862068964,0.0,26.1145822222223,32.80357088888907,18.489817911764742,19.31193278787876,19.071714463414587,23.779080952380973,19.985752399999893,21.78961090909084,19.53956285185183,49.36328904347896,35.82637394871822,21.307122111111067,19.33488077777784,20.79596400000001,27.198747384615487,22.59340399999992,19.51206205479461,24.29151199999994,24.208183076923135,15.94489005128212,31.48713629629616,18.320287142857115,25.732539789473737,21.51514600000009,23.87355940350878,19.710895007692333,25.108524214285584,22.10429732258057,48.19326683333373,19.327445681481425,26.33903829411784,22.531065692307696,22.65178322580639,17.354751090909115,34.16450374074066,21.736738679999927,18.522022394366186,19.62639000000002,20.936436666666676,25.429246434782687,24.05173628571437,42.79429275675718,22.77105876470605,18.30781766666664,29.94028628571427,19.45942114285715,21.61641999999996,20.07374621621633,21.74076460215051,58.29738266666738,18.160223543859665,19.19279688888888,21.455783612903204,44.86265274999997,23.0245522424242,19.653308321839155,23.61278074999987,19.600827499999937,49.95421700000071,19.57480972043013,21.95117224242417,96.62825495652191,19.01494914285716,29.29480713043491,25.43850054545464,19.9949425,19.735912789473627,22.43499400000007,31.53181549999993,29.635684631578915,21.75628666666668,21.35913616666673,66.80730228571514,32.56720622222183,23.62232400000004,22.071579999999862,21.67071118181813,18.429410301204896,28.63953526086951,19.019226500000094,19.730237333333356,26.75933124999993,20.35347452173911,19.23089214999993,18.172685357142846,19.82782096969697,19.682743777777656,16.883229083333415,54.62855674074167,27.98236000000009,19.771896545454517,19.683750315789677,17.966604210526395,17.596005478260878,25.33382494117636,18.97634526315793,17.440969647058857,17.96964473529416,20.321887937499973,78.66919136842158,36.87545863157893,27.574423000000003,26.68885577419345,60.55688117647153,24.3845668823528,17.609004357142883,23.92863358333324,22.425223102040885,20.422766848484823,20.1920213333333,22.15571208163269,19.335896812500017,21.472479058823527,22.98362606060613,18.748354625000022,18.395673302325527,22.01994185858589,21.984919999999946,19.839991864406816,93.61211929411766,20.35173131249995,19.135994666666637,23.60456193939387,20.743791000000023,24.401148689655237,19.13264583333331,31.07992432432441,21.464552444444493,29.818270222222285,24.23321569230779,21.14448729032265,37.81673979999992,20.388096000000008,27.98236000000009,18.61145921568627,29.41864533333341,22.353994169014022,23.03740329824563,19.97540527272721,24.51010158904109,39.66370547368469,36.88768563157886,21.215185428571555,20.49011109090914,18.5386166896552,19.274142313636315,22.482437199999904,19.57372152173911,22.17746228571429,19.84911923076932,42.99677200000057,35.951245103448514,34.492919568965654,20.140473743589745,46.15906591304424,19.55388999999992,26.907897011494235,21.760135523809563,23.8540288372093,18.1550744117647,19.224298333333408,20.582917684210585,Oceania,Oceania
FM,40.45702910052883,23.75174391177672,22.90109474945484,26.85611708482707,40.064513468013416,28.53788606837621,20.60226027777759,19.064162261904684,27.884402843488555,25.23162108262089,28.16957811890817,31.89897224305553,42.58232142857199,19.02530793028317,31.15188891203729,26.09291365740724,18.3152580629629,25.66928982263966,23.600221885521936,31.51987833333305,23.2989602592596,17.524906388888983,17.166841414141377,42.91534472934535,31.674546732025785,24.28506716435188,57.91477083333306,26.40279724843301,25.245267149758117,20.682708382066306,32.12937457344962,17.608683437369763,27.690276190476396,25.78811442512063,16.7311959259257,19.088095622895555,16.8729719576719,23.513310565302,18.6735995249596,56.3682592592593,28.075485638176705,17.595116759259334,16.459670888888837,19.28989723655908,39.27610090909098,22.78106355555548,33.86697870370312,37.563174074073366,26.106025272330942,22.302784856481427,18.7566981481482,29.13614063352798,24.119222222222085,22.002602693602423,21.401392084655985,23.938867599326606,23.929233886125,26.51584143843865,17.303761517615186,25.47696580555559,16.10830516203686,24.188084022988388,26.1145822222223,0.0,31.27384259259297,22.053359767973756,18.06485740740733,26.797997077687253,27.14754497354475,20.57242229629611,25.64114006733982,19.488410185185025,53.28803542673148,39.11782051282108,17.560143518518405,18.46439499999997,28.228196666666857,18.974455840455796,30.943040565656258,25.077722511415597,32.267122222221694,18.56626381766388,22.372955840455862,41.210998518518345,22.627908772486844,34.34650424951264,16.98637811111134,32.134130896686194,17.925350479487136,35.43640085978824,31.73125100955784,56.45371527777682,17.250117340740562,32.00371411111126,26.910369373219247,31.95157694623645,19.90640037037039,42.21525944444425,16.949839432592555,20.17917604068853,21.029277777777786,23.33307020740728,17.86913687600642,17.270583333333335,49.89101101101132,23.712072372549205,21.498151444444307,36.84388662131536,19.233447301587272,23.25850711111103,26.784818968969365,25.714896057347456,61.374881481480855,22.720505516569197,17.499966666666637,19.275835005973683,55.043472870370245,31.873097306397263,25.82769910600237,31.154675490740413,22.869547537036947,51.70076851851827,24.49771385902007,30.19283131313125,101.82736876006508,20.68777777777773,20.9086747181964,34.47454414141425,18.25819000000009,20.89329106627666,20.388392407407498,41.80838287037035,31.527627680311696,28.41314814814811,17.338203240740597,67.48730158730157,46.04228703703693,36.21008770370371,32.314874727668574,17.177596885521773,25.339035315037854,38.468493911433015,18.85065772222236,25.763678888888847,36.09842384259236,18.44296111111091,17.88852390555548,23.303380939153254,24.28129764309763,24.45264925925904,20.65383782407411,56.86348148148175,18.221777777777763,29.09438326599344,18.96617649122817,20.440783703703705,21.325825265700395,33.86940849673176,17.402381384015566,19.81416536383436,20.347421044662173,25.02364628935177,80.3314795321639,49.0064726900582,35.42202346560835,36.12874411588979,60.74298257080632,32.686203671023414,22.19929469576698,33.08918449074056,29.647565336356976,26.54642077441093,17.20711255555542,16.56780105820106,19.22981387731476,18.31551808278871,28.171531986532067,23.57029045138892,27.142914401378228,30.75130404040414,29.51313051851848,21.474534902699407,99.25365141612244,17.752310798611155,17.96290277777765,33.004514814814755,20.980278333333374,18.21416922094508,25.53354879629602,35.1704424424427,18.071237037037065,27.90185185185161,17.98384928774932,16.751828972520823,44.56435607999989,19.56432456140345,18.221777777777763,24.233743137254656,21.29469841269833,30.590357563901907,20.27232943469779,20.581759469696824,37.60526367326227,36.75291423001946,46.14370838401561,18.395272804232768,25.49517154882152,19.908004316730462,26.858771137205306,30.705102474074,20.39867814009639,22.688820105819968,17.08807586894579,46.84356944444444,40.80858365261793,41.926168898467424,20.27551709401721,44.28417391304337,22.328066296296047,34.97396270753498,19.187067354497326,20.98811972437545,19.331786755991214,20.856652037037072,18.26474982456132,Oceania,Oceania
GU,38.58462380952337,24.953338689138487,28.91515588235244,26.484547849462125,43.037803030302754,28.579299743589917,26.38300416666637,27.20614488095216,28.11175913978484,32.582175641025174,25.94332499999985,25.885650020833257,34.77119047619034,25.92724901960766,30.35064937500021,22.468427083333125,26.888953366666662,24.515274413145463,29.753216666666624,30.36959777777752,24.76065566666687,27.16126916666643,27.419790303030265,37.26974102564096,28.050209803921238,25.672524583333374,56.63947083333254,26.947215928205104,23.35842971014469,25.024071052631445,31.308229026217127,26.50218277153555,24.051035714285725,22.02894394202901,28.26442666666641,26.756125757575305,27.62672142857145,23.36230614035079,26.9541909420288,59.093560606060166,26.90651730769235,27.20881083333322,28.829455999999897,25.09076007526877,34.325958484848634,25.68336666666641,25.665791666666365,32.244254301074925,26.0709643137253,24.578011124999872,27.297827777777467,26.779840263157755,32.31102592592541,24.362331333333117,25.857970095238095,25.50486299999996,25.422109950248814,27.888636945946097,32.56157032520272,25.3891294166667,28.42097937500016,25.36632436781595,24.29151199999994,32.267122222221694,36.44633888888848,24.507591441176427,26.524375757575523,23.69868212195114,26.943829365078912,26.49382319999977,25.589865151514744,27.28917462962948,53.234903623188266,39.64229743589739,27.99378611111076,26.803624999999844,26.17373999999995,32.51099999999947,28.95246199999984,26.087972283105152,0.0,28.95509487179448,23.69069230769215,36.51901740740716,24.96055361904769,30.95858719298249,27.936571333333077,28.88159333333338,26.09031207948717,30.17693916666652,28.45077005376338,49.20287083333272,26.415046325925843,33.97933574509807,25.95941410256393,29.6496716774192,23.49516181818191,40.53088277777752,27.56467089333321,26.03342488262897,25.915663333333253,27.46156733333316,31.8872188405792,29.30127857142822,46.64816936936916,28.79740488235313,25.18506699999985,31.40387619047612,25.44222619047608,27.697156133333223,27.30611513513537,24.7636521505374,63.67863333333232,26.186810175438644,27.12145555555537,28.017847849462047,49.29887958333309,27.886801515151245,25.7267362068964,32.19902424999975,26.80385062499988,54.76949999999927,26.276870967741736,28.190257575757315,101.18062898550671,26.21463809523798,35.008327536231405,31.9967418181821,26.938395833333345,26.46725759649113,29.062968999999818,36.837695833333214,31.336407017543603,26.498994444444197,28.190684722222223,74.90142142857059,37.17385555555526,31.473362000000225,30.18721274509768,28.63176439393904,25.3962772168674,34.58358859420289,26.39941783333316,27.01313999999993,30.00727291666633,27.55614637681128,26.68352138333325,25.19359464285694,25.496871818181816,25.00682666666649,25.59742791666674,62.26675185185108,34.15396666666612,24.85250363636368,26.49804912280715,23.850649473684264,25.13082394202889,29.086450980391856,26.96412807017521,23.594218137254884,25.62061806862728,26.130651645833225,84.49309736842022,39.09448315789479,35.59036642857137,32.907038333333226,65.46350980392106,31.07220911764661,24.749075357142576,29.50525624999972,28.56408006802742,26.551410303030423,26.35505949999986,28.765815646258183,25.88341531249982,26.47223725490165,27.975106060605743,24.103100625000007,23.994746279069822,27.78687929292929,27.78329306666664,28.494850564971784,99.98283137254886,27.29529281249973,27.108628333333083,30.27562575757549,27.21474166666659,29.619475862068487,26.115469166666387,34.0091734234231,27.0157111111108,35.180498148147755,29.626255128204736,28.00526881720426,41.2766264666667,25.91176403508745,34.15396666666612,26.569459803921333,34.63869285714231,30.727156478873077,28.05323157894692,26.455626393939387,31.625183789954168,47.35547192982394,41.93014766666675,28.224407619047582,26.80341400000003,26.358305287356224,22.16257065909084,29.06332879999987,25.89906268115925,26.114845238094816,26.899726358974416,49.34077499999941,40.18366839080412,40.96824483333332,26.114829487179197,53.7887731884051,24.807493333333035,34.520228160919395,28.73293714285694,28.09832248061982,24.21846688235297,26.967762777777747,27.88822684210521,Oceania,Oceania
KI,41.377367494823744,21.85363240840228,21.470390895140245,27.199865357644143,41.50727865612645,28.251711872909816,18.368237644927373,16.129591754658403,26.86903769705461,26.60965217391285,26.71785538901579,31.355099899456484,44.11366149068383,16.46758874680299,31.081281114130736,24.96467092391297,15.982110352173825,23.86402612982252,21.77327909530091,31.26344958937173,22.001981000000285,14.689946413043586,14.12068814229239,44.82202229654471,31.41159833759561,22.69396182065221,58.68669293478235,25.221334408695547,25.16014347826051,19.0161672768879,31.44549726428892,14.321858768929918,26.8766016563149,24.636230260869414,13.547541956521531,16.351267984189775,13.792166804692728,21.82765993134996,16.483714130434656,56.733766798418976,26.934943200668943,14.989296711956614,11.899790521739106,17.136737089761507,39.16896812911737,21.016027999999963,33.996174999999404,37.61758452547846,24.95215890878073,19.98337032880428,15.135898309178792,28.06166168192194,25.34662962962947,20.939221249011627,19.813022737059946,22.80328264426874,22.07474308890335,25.7695301069332,12.28363732767759,23.96247864492752,12.333227762680975,22.492821454272768,25.429246434782687,17.86913687600642,32.17160265700531,19.61955094245511,15.03219769433458,25.3279366691409,27.471428571428312,18.05764589565196,24.12148616600768,17.331234484701856,55.00208695652225,40.63166443701283,13.774230555555537,16.225867415458946,26.564865217391457,14.623246376811522,30.885299446640023,23.879880649195997,31.8872188405792,14.027379264214051,20.922035340022312,42.26341004830907,21.01699004968948,34.107711533180726,13.398469130434991,31.819517902364623,15.63630334816045,34.97615237577631,32.02817372370257,57.869691123187486,14.801183630273588,31.401825439897856,25.21832993311028,31.58120101542764,18.17937260869564,43.11719139291447,13.215506060869524,18.75368626454371,18.260847681159404,21.965931507246253,0.0,12.72601645962732,52.373708578143706,21.764475470588398,19.67514375362304,38.030078083407496,16.524988985507164,22.31594601739122,26.395120434782992,24.85995511921445,62.31443188405726,21.17418510297485,14.43092544283409,16.253071107994405,55.36275358695641,30.77687839262185,23.87588655672149,30.416795641304034,21.345722146739032,51.46889130434763,23.234850257129285,29.81271949934122,99.76817391304408,18.318877184264945,20.486130434782652,34.74174565217406,15.939243043478315,19.131314153317945,17.829251521739305,42.76817228260872,33.510533180777905,26.824410628019315,13.784985567632631,63.5422484472049,46.45822101449279,36.23473159420291,31.51413810741668,13.758981521739004,24.172760216343576,39.73537473913024,16.923791934782777,24.582075217391296,35.440260597825976,15.796202173912798,15.499207306521695,22.116873711179952,22.06263973649536,22.829978502415223,19.207877028985536,53.3500805152981,11.860869565217367,28.66414415019776,15.657671899313604,18.11481670480549,19.936696173912978,33.36362838874654,15.150049084668131,18.118984505114994,18.645654331201957,23.99336206793468,77.02828146453105,49.93343398169304,35.15455636645956,35.93160679523109,60.29681329923299,32.22056771099691,20.6359620031054,32.1315011775361,29.234975510204237,25.7809769301714,13.976012021739002,12.66010346051462,16.85199449728263,16.288217902813408,28.0906139657445,21.849181644021773,26.88091581395357,29.89776930171288,28.527382991304343,18.81311724392046,99.91220971867052,15.048294279891408,14.993973115941987,33.49949262187082,19.07681630434781,14.664892803598232,24.07749629227024,36.51111868390156,14.629977777777825,29.77097584541036,13.32124916387959,12.82129614305744,45.99876271826084,16.531099542334015,11.860869565217367,23.17374245524272,17.868865424430606,29.831273955909317,19.83849046529364,18.297449061264704,38.164232102441936,31.34996109839822,47.597057141876384,15.825344120082734,24.44014101185769,17.601768275862025,26.108031256719265,29.964204886956445,18.40802717391283,22.577089717046096,14.079655565217267,48.34983152173913,43.41113193403264,42.31801475487253,18.89948996655533,40.74600000000004,21.42810130434762,34.32837941029465,16.83471898550721,18.28230333670373,16.859703777493536,19.060974661835747,15.71184032036598,Oceania,Oceania
MH,41.92549585921304,26.79305117733245,26.4933637851656,30.51265217391343,40.94887549407117,32.00106565217403,24.12556945652144,23.2208738354036,30.74398583450206,27.300448160534987,30.625747265445963,34.03784760597821,44.84788198757819,22.770979283887367,34.01210301630452,29.24298070652157,22.74857742463768,28.46941879363147,27.424792665788438,34.4347323188404,26.63311404347862,21.69767945652174,21.61520324110673,44.22121181716893,34.355224168797875,27.38636717391313,57.65875271739121,29.79169936588616,28.8068130434778,24.02993089244859,36.00722085979477,21.134248510014505,31.230826501035505,28.30891208695637,21.011303840579515,22.780242687746917,20.906173844030413,26.552908443935745,22.71472673913026,56.190616600790456,30.432824377926543,21.66867956521736,20.734880289854956,23.09844779382892,41.6710950065877,26.22869443478257,36.982953985506754,39.66726624590854,28.73070554134673,25.53072624999989,22.377417149758564,31.502793443935666,28.539172302737395,25.865780205533294,24.76220073291917,27.302576130434808,26.903273393900168,29.76888262162185,21.31958960763528,27.95894304710144,20.35711932065224,26.92522157421277,29.29480713043491,20.9086747181964,34.400658212560714,25.423629461636725,21.81863142292477,29.18416369353114,30.38835265700453,24.527978834782463,28.840463241106463,23.50621065217372,51.37386956521781,40.65403567447098,21.675522101449,22.36799442028971,31.335201304348058,23.426056856187387,33.75793182608671,28.672174038118023,35.008327536231405,22.357572575251005,26.32479052396885,42.28597378421896,26.38006903105605,36.49931707093827,21.36977047826088,34.07400180778032,21.51114563779261,37.24405327639742,33.15818425666185,57.89401721014398,21.58277403413832,34.2539102838875,30.06186538461527,34.81783284992968,24.11703798418981,44.05779633655384,20.694149932173868,24.278049399877496,23.719118405797158,26.981191298550637,20.486130434782652,21.38800279503095,51.94201292596978,26.052464836317355,24.522725231883904,38.74896273291951,22.02099171842641,26.080653843478228,29.763599400705463,29.412475455820317,60.043513043477816,26.63954810831429,20.885831723027337,23.809228471248225,57.1750579347825,34.59064150197628,28.55461289355296,33.30187164130419,25.542419999999844,52.45143478260863,27.356091210845907,32.67029262187089,104.27786956521818,23.826507039337415,0.0,37.02843094861664,22.26619472826101,24.890212057208064,24.63913578260876,43.54436184782613,33.12104347826086,31.327936714975927,21.289701388888908,70.86324844720507,48.31578405797108,39.03096973913037,35.54353248081843,21.823593774703504,28.440960235201626,41.12201326086929,22.987957760869595,28.867287826086905,38.88912907608678,22.355467391304156,21.789680436956463,26.46519324534133,27.006427650417265,27.219524589371755,23.855638269927557,59.039373590982606,22.50821739130444,32.11963722002652,22.426545034325084,23.83805382151033,24.79750104347812,36.96083913043461,21.775519221967937,23.176995728900145,24.019735535805445,28.10989371467377,84.4024118993137,50.6677414416473,37.34967326086944,38.21002392005579,62.92843222506421,35.55810673912996,25.585640108695326,35.88874538043476,32.62702708074554,29.09341181818199,20.6608317101448,21.11842129547461,22.77394373641288,22.38614373401536,31.45744268774718,26.077576100543457,29.50845324570293,33.11411976284594,31.94397304347825,24.79823662490803,99.77518414322304,21.648174307065094,21.36043326086936,37.48682569169953,24.797480217391435,21.750024737631147,28.77358875603836,37.24769800235048,22.35063719806772,30.043264090176912,22.09596488294326,20.813666269284727,46.9734506973913,23.243219450800883,22.50821739130444,27.30033120204577,24.291434782608693,33.29588680342916,23.817949656750507,23.503624644268665,40.687432459797485,39.598924485126005,47.39216593821514,22.53643931677016,27.276048545454525,23.74264452773605,29.0010159594861,33.1037244695651,23.28071847826064,26.9149827467217,21.265672341137154,47.38548369565226,42.55922338830556,44.02500597376315,23.402831103679095,48.07613043478275,25.994313478260644,38.117911044477815,22.663884782608644,24.41897168857426,22.989916094629145,25.51263485507244,22.706641327231196,Oceania,Oceania
MP,36.14859022556361,30.95535712596077,32.86477034055667,29.16367402376933,39.85221770334919,34.11050344129565,31.432798289473325,31.2717758458644,32.70788787775882,30.494534412955225,31.809113421052498,31.70097882565777,36.7699116541353,31.23457993808034,35.50700029605265,29.577075328947203,31.06739173508765,30.051174566345413,34.49760451887292,35.58137339181277,30.35383731578982,31.6600227631578,31.7056022966506,34.32986099865076,33.74034442724448,30.40148350328946,57.0905756578943,31.76652668502015,30.601427688786973,29.584484210526323,36.75499674748655,31.516561147250044,31.024181453634167,28.70216059496555,32.2415785087717,32.03001913875576,31.677083792815665,28.967759473683994,31.148519210526064,59.89011961722471,32.4185650242916,31.200783059210355,33.22638221052621,29.8403290101867,39.9402481499203,30.662165263157743,34.36124342105232,37.90971086587381,31.08989655314727,29.516653697368287,32.40651725146187,32.89909289473659,32.081596491227785,29.74884403827726,30.641389092731675,30.95234952631581,31.61153440691284,33.14038648506414,35.21778947368405,30.45077964473688,32.495224506579085,31.227345970961764,29.635684631578915,31.527627680311696,32.87927339181284,29.56342631114542,31.03274505582122,29.960365631578707,28.9669908103591,31.384856863157783,31.375828708133756,31.780038645223986,49.070082379863,33.839678812415954,32.70404342105237,30.85198295321631,32.39632000000001,34.90043319838048,33.85769420095663,31.58424036770015,31.336407017543603,33.98196275303636,29.47839959514164,41.71300290448323,30.37397532330837,36.393119999999946,32.22986557894715,33.79483701754374,30.740624280566745,35.99946257518776,34.02870410016969,47.371913377192776,31.096696277582662,38.61441455417953,33.05422935222654,34.526472536502425,29.525166267942577,45.10971139376211,32.09376096210504,30.999503417346027,31.44764614035078,31.729310954385877,33.510533180777905,33.749792857142715,45.59933570412524,32.513154436532815,30.477818649122604,32.73185821697088,30.625390676691616,32.64104197894724,32.67025500711266,30.062777589134026,62.40950877192898,31.01894263157896,31.3098799220272,33.209119694397145,54.51484197368402,34.20432934609238,32.12157422867488,36.865962907894726,31.527023934210337,53.75994078947321,31.868493887945448,33.911725518341136,107.1530343249434,30.84219839598991,33.12104347826086,37.4281314354067,31.035017631578988,31.53061468421036,32.95776157894725,42.39970776315792,0.0,32.839100584795254,32.59446542397665,78.93358646616518,43.53050789473678,36.24265824561407,35.774751702786325,32.94991375598067,30.272559604946093,40.08532653775727,30.854473815789355,32.82790631578938,36.88905427631559,31.83426441647577,31.06361736052621,30.71937201127788,30.95834992025531,30.624724736841863,29.541784649122896,64.97684795321605,37.69026315789453,30.8384867464116,31.36420526315793,29.673218947368472,29.653171835240205,35.86522012383881,31.363113157894634,28.521342585139195,30.46240745046415,31.47267506249986,89.34247368421033,45.52339631578927,39.97186124060133,37.48802182512703,68.34286687306486,35.8974776315785,30.1923038909771,35.37331502192976,34.089025703544685,32.02199810207355,31.239861131578756,33.35136863587524,30.768688851973437,30.41542105263147,30.32252472089307,30.132658881578894,30.02028430844575,33.13688224348747,33.293607073684136,33.35615709188229,99.38832507739976,31.498322582236568,31.502789035087464,36.12186140350858,33.009309210526254,31.31241107078021,31.274647441520216,30.111732574680055,32.409431578947256,32.81449122806989,34.11594048582981,32.35630382003396,46.66324907578942,31.2604157894735,37.69026315789453,30.821052734777783,37.13915288220527,34.89764030392862,28.657140350877015,31.31483752153096,37.2803506128334,51.20205263157864,46.26121363157902,32.76551751879693,31.79075223923445,31.14364831215959,28.496259635167423,34.65846427368408,31.17817969107533,28.0843542188804,30.945373376518344,48.57974342105239,35.86659165154255,45.054786536297584,29.370126180836643,57.47077803203637,29.78320473684183,39.33992740471879,32.56710588972416,32.11300489596073,29.75842096904026,31.65061891812855,32.44251052631577,Oceania,Oceania
NC,36.51381279761886,27.040818300561764,30.42787757352901,30.433087298387104,42.94085624999988,26.321258942307868,28.52286458333325,29.16724553571419,24.191492540322585,38.24949374999983,24.914262828947297,24.591984187499964,34.408995535714226,28.56585242647056,28.15488437500013,26.675499999999925,29.56184338333339,23.32807058098592,30.723261553030373,27.73369208333314,27.18083125000017,30.63608375,30.349332840909064,38.71021907051286,28.382002573529142,25.179849687500077,55.76844374999961,25.534333834615307,26.72766874999989,28.430470723684227,30.707670435393265,29.991077317415733,26.41039196428582,24.922908945652157,31.401370416666524,31.38138238636342,30.318435416666823,23.668309934210495,28.77469048913029,59.99640511363617,25.3927530192309,30.18683749999987,32.321113916666675,26.55265444354843,28.967106022727418,27.02873724999989,27.260027083333075,28.181398588709538,25.58299801470568,26.01091412499985,30.482225694444367,26.133129407894653,35.5038960648146,25.92239202272716,27.337540726190564,24.8579047954546,26.51505904850762,27.074178804054227,36.28923826219497,24.50615100000009,32.314905208333606,27.08452771551718,26.75933124999993,36.09842384259236,37.63028958333324,23.937491485294142,28.629194886363532,25.03060317682913,30.870853670634723,28.29307454999986,25.378948295454347,30.512254120370304,50.10528668478262,40.07063445512824,31.34713402777751,29.332308194444405,20.905543750000017,36.115608814102416,25.58099015909073,25.02222296232889,30.00727291666633,32.746824519230735,26.60596490384617,35.42257560185173,26.410597035714503,28.43587914473688,31.49254174999986,26.35147120614032,29.4183998423077,28.19868946428562,26.560544637096758,46.91618124999964,29.820367805555527,33.29900910294129,27.917184134615344,24.19266220161288,27.6412126136364,37.141204675925685,31.356530329999863,29.206047271126742,28.811312916666623,28.328593816666547,35.440260597825976,33.180659821428364,45.30403091216208,30.183610102941465,27.95569624999991,35.40431441326518,28.20083708333332,28.31551074999995,26.598342195946177,29.48242829301056,60.29565208333289,26.691508750000036,30.675484490740672,31.1461155241935,43.92770499999997,24.61242897727261,26.188200933907986,30.8695959999998,27.37489162499996,51.152268749999706,27.130411491935337,26.431550189393835,96.65227418478212,27.04692434523811,38.88912907608678,28.29504215909104,29.45921999999998,27.739767776315723,30.410737249999947,34.65781374999987,36.88905427631559,21.794968750000063,31.38275763888901,74.82309196428554,33.044279861110795,27.16360091666684,27.85228860294096,32.36630511363622,24.563009792168742,33.16278561956518,29.173381749999912,28.141945416666616,0.0,30.05003831521724,30.32758579999989,25.98846446428556,26.0670250631314,26.37615847222206,27.353442916666776,61.55567615740728,37.75769374999984,24.480549204545547,29.92401217105268,26.31403322368424,25.67551388043473,21.652746691176368,30.67420756578947,27.23966295588235,28.319562602941037,24.808360437499957,80.19745559210499,35.69245256578944,32.52651053571435,26.62204616935479,66.26774007352932,26.503284632352624,27.18766303571412,21.835754166666504,25.981018494898137,25.722491174242474,29.42857141666661,32.550993239795794,28.777194937499832,31.54704595588217,30.432638068181724,25.63744125000003,26.05753235465128,25.726944760101105,25.880240249999957,31.791458792372826,92.23132389705864,29.688238437499827,30.69895458333318,28.38007064393926,31.05898375000011,33.45565237068945,25.400846805555396,35.5640190878377,30.808381249999893,37.50911643518493,33.306610096153754,31.385031653225965,38.95265222999996,29.469922697368325,37.75769374999984,29.045276838235136,37.94943363095221,26.146031320422345,33.066991995613755,27.652115613636383,28.88778690068492,48.24543651315778,38.89867638157884,31.892957678571477,27.41432584090917,29.924594525862,26.090696354545454,25.235859549999912,28.94436005434772,31.14936458333313,29.58510517307704,50.19304374999972,41.41942349137901,37.59609052586209,29.720444711538438,50.52587744565204,29.691918749999743,30.77036932471245,31.01816660714277,30.30130712209283,27.09315769117655,30.08209152777776,31.09957559210538,Oceania,Oceania
NR,71.47808730158741,55.16497421556342,55.31991862745014,59.1676415770607,71.14993434343394,57.93711273504293,53.926668055555005,53.002739669311815,56.44843846594954,60.3433988603993,58.74685905458099,58.87956585879618,69.06593253968339,53.76858152505338,59.81653817129584,56.63000069444424,53.07831570740717,56.71443252477773,56.29176262626233,59.56133259259264,56.115552629629605,53.51187694444477,52.96651373737366,72.62570370370432,59.80201840958712,54.43794843749998,79.62377083333352,56.59090998062662,56.16670611916202,53.06176081871351,58.868395214315456,53.90388585101954,57.18228677248725,56.47395042512056,52.77681759259311,56.7415333333329,53.18497301587289,55.23841265107216,53.60028598228688,75.38260269360276,56.54408150142456,52.75651645833344,53.67100103703695,52.22717221624802,62.40724804713804,55.19213762962971,62.31067499999931,62.31612939067964,57.54687673202553,56.08046059722225,55.42402407407324,60.38708094541917,60.23818518518552,53.77229936700349,54.497405089947165,54.15337264309774,56.99888982863489,56.11824577677656,54.55689069557396,56.32541634259292,52.21812604166688,57.82513278416308,54.62855674074167,56.86348148148175,66.64512037037002,54.62675131263604,53.39802912457873,57.30453141373054,61.331439153439696,54.00369367407375,58.726513131312686,52.92480907407384,79.8422801932373,70.6066125356132,53.985493518518936,53.44104314814764,58.084101111111146,56.24570370370397,58.2779383703702,55.46218941146649,62.26675185185108,55.93692934472953,54.047208262108136,64.16187296296295,54.14411596825437,60.37682600389821,53.1024335555551,60.36956415204617,53.20470264700858,61.693728743386096,59.61879774790841,82.2239652777768,52.36725563703686,60.62532107843122,59.72279586894486,60.8312387287931,53.394378215487805,67.58746314814805,53.53248979703725,54.69251134585226,54.367575555555256,55.430223511111,53.3500805152981,54.57770132275157,73.28624624624621,55.84031916122009,54.63578655555521,66.87122600151191,53.927187513227466,56.01481872592568,56.73328965965933,58.92728076463533,85.60987407407416,54.69979732943413,52.72021851851774,54.480649103942845,76.88947902777748,61.469299326599256,57.21131008940035,59.63485710185231,56.07208980555523,77.34523148148158,56.071425448027455,60.5216717171716,100.39826086956565,53.61856666666684,59.039373590982606,60.4038370033664,52.911383888888416,54.61002758089667,54.16554229629555,65.4726506481484,64.97684795321605,57.9887851851846,54.10239398148134,79.71275132275126,69.84533703703701,61.29444977777735,58.05151786492457,53.67331893939368,55.38282457518983,63.61187299355823,53.71408453703656,57.72359740740704,61.55567615740728,53.962563848630914,52.08745979444457,54.4228910714281,56.89053299663326,56.46898425925916,52.6621097453702,0.0,54.20703703703728,58.039902255892265,54.144413528264565,53.877739999999626,53.434018025764544,59.6728795206968,52.94055419103259,53.29567784204767,53.35940664814804,56.949327928240585,90.43266081871342,68.76980118908357,61.31605701058127,62.0297397789718,71.07545751634004,59.198569074073625,55.263388875660816,59.94773634259266,58.84500502645474,57.38053356902369,53.69229092592632,53.07447407407345,54.23704298842572,55.28344139433543,60.955077441076845,55.80793107638896,56.52283858742402,59.263126262625946,59.17320459259256,53.27539127432532,106.80160348583942,52.8526353356484,53.18512759259208,59.83836531986511,55.21173425925916,56.18329821200549,55.10218083333333,66.25605805805844,54.07794814814755,62.84118518518552,54.77136780626783,53.60427102747843,66.85397406222229,54.99657251462013,54.20703703703728,55.71521851851881,57.985132275132216,58.21002865414636,57.93742105263203,54.31161411111104,61.14063729071541,61.38880116959098,67.90886047368414,53.706537248677,56.52413187878774,53.01120045976972,56.866204202525296,58.29391672592564,54.279075724637885,58.088544973545446,51.95175931623934,70.47036574074063,71.14783524904185,62.616973991698536,56.13538319088361,62.12066022544305,55.91085444444496,61.48767509578612,54.66333169312177,57.27842032730381,54.49754371895428,54.58249870370325,53.6995013255364,Oceania,Oceania
NU,44.84002380952353,22.100209438201976,21.44624117647013,28.58322580645205,47.22613636363626,29.099334615384706,16.488374166666578,14.36787178571429,28.153803096774052,29.83884615384586,28.56481131578921,34.60353281249994,48.73710714285781,14.320941176470477,32.55723937500026,26.2059562499999,13.763074566666578,25.128997887324036,20.11024545454545,33.289119444444246,21.87184300000029,12.04197750000007,10.817510909090812,49.43358974359045,33.709708823529226,23.55013187500005,65.16943749999959,26.354048953846046,26.01003913043437,18.556652631578928,33.75294044943794,11.346156179775091,28.65541904761928,26.30505895652159,9.832168333333188,13.68892727272734,11.11340476190457,22.52382473684193,14.520653260869455,62.09936363636355,28.475777769230824,12.940815625000084,6.621259999999968,15.909072612903133,42.35163969696978,21.108619999999945,36.78490833333273,40.43219462365508,26.22885882352922,19.928494687499946,11.979361111111118,29.17252394736813,28.048851851851637,21.1466105454543,19.864497809523694,23.5035473636363,22.085849253731396,26.64899456756775,4.875560975609741,24.718488416666684,8.06156645833318,22.242296206896413,27.98236000000009,18.221777777777763,35.8823055555558,19.50262702941161,13.38506515151506,27.45320792682905,29.321523809523523,16.347597199999782,24.47372727272702,16.473838333333067,61.98304347826143,45.18782051282121,10.16975833333331,14.920575,27.696880000000192,8.686205128205083,32.76927963636332,24.987499315068582,34.15396666666612,8.683492307692216,21.46454102564104,45.32545444444433,21.31411571428573,36.45293789473685,10.036889000000102,34.208290701754336,13.491990853846044,38.10801535714276,34.41951499999983,62.951229166665534,11.884262266666504,32.760561588235404,25.59681153846143,33.46956929032239,17.78564272727269,44.9362542592591,9.114019719999998,17.61350464788722,17.651833333333308,21.58711159999986,11.860869565217367,7.082892857142823,56.84016216216253,20.99921441176479,19.296516999999856,41.84967346938795,15.431502857142732,21.52410879999992,27.22996729729767,25.34361290322562,67.23593333333253,21.12555771929822,12.001999999999954,13.93510645161292,58.54901374999981,32.67976666666664,24.599094252873357,32.399800249999714,21.5103492499999,56.8434999999996,23.67588279569868,30.840421212121157,101.15956521739196,18.5066361904761,22.50821739130444,36.75798090909096,13.533886250000046,18.053936894736708,15.269108000000204,45.50021250000006,37.69026315789453,27.803499999999943,10.625776388888728,59.57285714285696,50.27034444444449,39.27029333333324,33.806876470588065,9.637156818181705,25.36920687951801,42.87766291304321,15.50242650000019,24.852303333333275,37.75769374999984,12.958754347825854,13.578797449999955,22.83008464285696,22.20511919191913,22.67304166666645,19.134426875000003,54.20703703703728,0.0,31.38821363636377,13.382201052631611,17.621859999999963,19.603646695652102,35.65286470588209,13.458615789473622,17.614583823529284,17.755841676470475,24.34767918749988,73.92236842105282,54.70617736842063,36.73738357142851,38.295251774193176,62.499705882353176,34.52915323529356,20.30476178571409,33.85020208333321,30.67195306122463,26.96386333333347,11.107143499999893,7.792130612244849,15.078088687500076,15.315341176470705,29.98642424242437,22.267301562500027,29.27129581395361,31.657205050505144,30.11943439999997,18.011174576271216,104.85988235294164,12.506577187500124,13.19745333333332,35.68569393939384,18.021204999999924,11.86712068965517,25.374376944444144,40.40978378378404,11.76553333333334,33.58511111111081,7.293746153846096,9.256166129032255,48.32144952,14.361931578947273,0.0,25.09523725490168,13.13380952380954,32.15085394366189,20.643315789473583,17.033573727272604,41.62247534246573,26.207631578947343,51.02367752631578,13.278428571428472,25.430000545454504,16.82767586206891,28.40003477727261,32.260379599999915,17.024231521738933,23.57769841269821,11.393500615384465,53.52599999999979,49.548999999999374,44.45036491379304,19.103423076923224,36.66391304347821,21.967409999999735,35.91997931034476,14.603257619047543,15.770325581395456,16.099810999999878,18.605221666666637,12.971996842105083,Oceania,Oceania
NZ,33.00592826839842,20.01345636023153,24.12874409982169,24.50348214076256,38.74575303030305,21.82500410256409,22.28024992424246,22.8683148593074,19.00115534115336,31.026661235431348,17.220352655502367,10.606302399621232,31.444172380952523,22.44308172905529,22.806539564393944,20.060018446969643,23.106761390909035,15.746497669654309,26.499123737373782,22.07154434343426,20.45341506060606,23.683697651515164,24.2057978787879,33.7245239393941,22.85176516934044,19.305528579545403,52.8285721969698,18.675082193939385,21.09635924901186,20.660867352472103,23.33504957780057,22.5550857303371,21.9089813419914,12.575771275362271,24.95729643939395,25.6256027272728,24.150351038961155,15.761191052631569,23.172024631093542,55.06369424242426,18.38105488811184,23.511607083333324,25.31558175757576,20.26254670283477,26.17575515151515,21.74959242424245,24.116113181818204,22.838457644183784,17.58429452762919,18.52927417424229,25.052293535353645,18.4040822408293,29.184859562289667,20.349536303030234,21.069797878787817,19.613691424242425,18.617534350972328,22.02860254627345,29.903181500369666,17.494976424242378,25.561542594696952,18.058904806687572,19.771896545454517,29.09438326599344,31.05715252525267,17.987848323529356,22.98663636363634,13.19903670436065,25.48198873015885,21.888833381818227,22.684218484848547,22.93396887205385,45.32427693017141,34.70984114219123,24.824618636363702,22.799850454545453,20.84847121212125,29.883895594405704,20.038573515151427,20.42404919053557,24.85250363636368,26.87415657342665,19.910863613053586,29.919681582491584,20.987458649350717,22.49393433811803,24.97412536363644,19.15035677830941,22.69277831305352,16.736344837662333,20.117459164222808,42.222377954545685,22.607831432323188,28.764442101604253,20.31935934731935,20.23697050048873,20.1533387878788,34.25221469696976,24.13527631393922,21.52868072556553,21.54111969696969,23.202753624242423,28.66414415019776,27.11484683982695,42.687244299754376,23.46634077183602,20.881002696969624,28.55922904761917,20.81792125541121,23.19197307878788,20.793184062244173,23.395390918866152,55.905504545454605,20.753546251993683,23.719875387205462,23.757385229716565,40.76754696969693,18.84397363636363,18.6336978578892,25.71959017424234,21.213914189393808,48.27980954545471,20.539810860215,20.965834848484903,97.69411284584852,21.308849567099603,32.11963722002652,23.25460000000003,23.531265946969658,22.23576110207334,24.744542272727223,30.96403037878809,30.8384867464116,21.24810292929299,24.88478366161621,70.48071709956658,28.986594949495032,23.67487799999999,23.918277664884165,25.63309257575762,18.207927064257007,27.61748392753623,21.913542984848466,21.72523787878795,24.480549204545547,23.87351549407121,22.957028980302898,20.42663230519475,18.068572020202016,17.58483131313127,20.096427500000004,58.039902255892265,31.38821363636377,0.0,22.95160090909093,19.76053239234448,19.41380386034254,24.96337081996447,23.746909681020785,19.938211772727232,21.10655671568618,17.973291229166573,79.63703676235968,33.46000041467309,28.72947426406925,22.051112839687143,61.869464046345776,22.581275160427783,20.53209027056277,22.723205871212155,20.261215572047032,18.634678181818146,22.116665545454516,25.72873644403229,22.15872652840893,24.955325935828984,25.963723939394058,16.19643868371202,17.74490028893584,18.62033525252521,18.40680236363632,23.8526851001541,91.8457704278062,23.569770596590903,23.248044393939423,25.24031666666672,23.91165439393949,26.752107575757687,21.038709621212035,31.15282212121226,24.13729666666674,31.28010791245803,27.52342123543134,24.868586412512308,35.81596961575757,23.388464736842103,31.38821363636377,21.32557320855617,31.81142402597418,23.1224187964148,25.82675047846898,21.27406372727269,24.777645558322945,44.49164961722492,33.9881480366826,24.558144199134297,19.61415599999997,21.97787125391857,14.044029071212108,19.313972775757577,22.03869635704886,24.87094722943733,23.083802107226067,44.9520174242425,35.5456636259144,33.676011006791995,24.59065578088584,49.71215495388672,23.274038787878848,26.46872782654139,24.94762588744597,26.182999415081166,19.023368069518657,22.290032070707102,23.785571339713,Oceania,Oceania
PF,37.50807450980372,26.283155717118227,29.26835352941133,29.37457400379504,41.65502139037418,26.38638900452498,27.13116495098017,27.33573090336112,23.681451066413644,35.74947918552007,24.59259679566553,24.910334305147032,33.82984747899174,27.400651764705792,27.50562025735303,25.39190036764687,27.629447750980333,22.924492535211183,30.829211408199512,26.52281264705864,25.92745323529426,29.05953426470576,28.833891336898304,37.69142307692309,27.98512058823503,24.27049689338232,55.5920360294113,24.421734857918477,25.11321841432209,26.706530650154743,30.795368142762577,27.86076338400514,25.699574509804037,23.79671964194368,29.68879892156842,29.73321978609598,28.735045191410023,22.792400990711997,27.51319991048576,58.12206149732593,24.82048052941185,28.44939731617629,30.260266627450857,25.069479891840533,29.57860582887716,25.29808658823516,26.44035735294084,27.893942567994703,24.84514627450962,24.725101716911684,28.943732352940945,26.38430902476762,33.48035272331122,24.76455490909071,25.80735846498601,24.341046433155096,25.310118876207177,26.000460319554936,34.34439153515035,23.66888065196081,30.50116104166683,26.051627119675345,25.33382494117636,33.86940849673176,36.3707604575161,22.62030744117646,27.29280204991067,24.30956190961248,29.844746125116423,27.211802658823345,24.77792032085544,28.40827155773401,49.57558388746811,38.63783242835599,29.60334852941146,28.106820359476945,20.84364235294112,34.40401161387604,24.67753903743303,24.864299121676112,29.086450980391856,31.28835791855188,25.19376108597277,33.73815023965115,25.949563546218545,27.809962414860752,30.04948741176445,26.14462647058821,27.974707502714924,27.980604852941017,26.322712267552117,47.84220416666616,27.888397478867,31.69278347058848,27.391725565610724,24.354494876660308,26.78980604278074,36.51309471677539,29.325753545882165,27.77443339685155,27.02774372549017,28.32989621176462,33.36362838874654,31.378689495797992,45.51696836248009,28.756696411764903,26.447430568627237,34.23589111644659,26.59286302521,27.507769317646936,26.0962587758349,27.84664674256776,59.941574509803246,25.714391238390096,29.048028540304827,29.877220113851887,45.87283999999986,25.119827450980228,25.47578262339413,29.624638161764445,26.371654022058696,50.99577205882303,25.43538317520535,26.03787807486616,96.32363094629235,26.18859036414561,36.96083913043461,27.90640850267393,28.53078676470583,26.900571780185626,29.65627741176456,33.67594249999987,35.86522012383881,20.899199346405105,29.900854330065275,72.43509327731095,33.15852091503236,27.455011843137417,25.5164411764704,30.417164839571974,23.930747575478428,31.818566207161044,27.68358085294111,28.296977058823483,21.652746691176368,29.007639002557408,28.443412455882186,25.682663424369508,24.69221819370169,25.156023039215448,25.661077977941268,59.6728795206968,35.65286470588209,24.96337081996447,28.20894681114556,24.890289349845183,24.54302545780048,0.0,28.915662229102,25.923503529411736,26.41893244117633,24.31308100367636,79.67840897832842,35.938147089783314,31.911298445378154,26.925276062618437,64.97807647058798,26.710334999999677,26.039050105041785,21.82706458333312,25.319224933973693,24.381145080213987,27.465666813725356,30.796973229291524,27.2610294374998,29.797958823529157,29.364221212121144,24.37254966911769,24.574618686730503,24.99071669637549,25.80198955294112,29.812254436689905,91.99367647058874,27.967669650735083,29.12623735294096,28.1468178253118,29.559872647058874,31.42270020283946,24.784765375816782,34.77356836248008,29.328871895424665,36.29193572984722,31.52870950226224,29.60875227703967,38.22569305882351,27.40541671826604,35.65286470588209,27.63961176470567,36.3639952380949,25.597346354598034,31.078575541795352,26.296546195187027,29.06273666398055,47.27866532507706,37.9644144736842,30.058608655462137,26.01484396791444,27.916047870182457,24.876988279411723,24.22642887058812,27.08576898976964,29.284295704948317,27.600026398190085,48.724507352940776,39.84561805273801,36.44678377991881,28.10802926093506,49.221083631713206,27.97518882352913,31.256760175794305,29.608947198879434,29.331214363884868,25.87048017647062,28.86370473856204,29.622759380804965,Oceania,Oceania
PG,38.690219172932125,16.542649686575896,16.093529938080458,23.228373344652013,41.528914832535605,22.941765870445337,13.761371798245625,11.676294041353376,21.657409837011844,25.237113562752985,22.03414447368421,26.42054737828944,40.76795075187968,12.218978947368402,26.064223519737013,20.15063256578956,11.277228335087685,19.42196691623425,16.954407309941512,26.98001880116941,16.432886684210597,9.455308289473706,9.79962521531098,42.05761059379216,26.52529287925681,17.936349687500005,58.77504539473637,19.986766314169994,19.414620823798572,12.878302631578944,25.505190360733323,10.515736516853876,21.375572305764507,19.51446665903886,9.20067166666662,11.909150239234448,9.124992690058422,16.766106842105277,11.887892734553748,56.64568636363588,22.28036192307692,10.720182861842074,9.132198596491197,12.00207906791166,34.46507738437006,15.916681052631551,29.261427631578755,32.646020458403804,20.482628844169128,15.032840296052555,11.38400116959063,23.163253421052563,24.377141812865432,15.924820937799051,14.462481784461056,17.750055956937732,16.841085231735995,20.606053258890444,13.703650385109068,18.94205521052632,9.09808601973676,17.20773544464609,18.97634526315793,17.402381384015566,31.2511634502925,15.037416478328138,10.100916746411398,21.06372951091137,23.593607560567985,13.891504210526216,19.30204976076551,12.000907514619833,55.3818284897022,38.87184615384607,9.966170614035091,10.923088684210525,21.71179368421061,15.232489203778618,25.85196831578936,18.887006640230734,26.96412807017521,12.143052631578916,15.159263967611366,37.61948309941515,16.417269338345854,29.48658000000009,10.17478210526316,27.36949736842104,11.00046924574895,30.68704727443599,26.99896588285224,55.52868574561359,10.082779544639326,26.726198095975224,20.65447267206473,26.38942630560268,13.152316842105275,38.11496985380095,10.089813395789438,12.869002438843513,14.427081052631593,17.35038550877188,15.150049084668131,11.501839097744307,50.08628179231818,18.00653210835912,14.565231175438525,34.648258378088016,12.767984711779434,17.83260856842101,21.26737852062597,20.38453820033956,62.03797807017481,16.57024894736841,9.006790253411298,11.583456536502547,50.28741967105254,25.804688676235987,18.952997852389537,25.425523486842057,16.609935980263156,52.21314342105212,18.328007753254056,24.06129673046248,99.5730678489702,12.689500075187976,21.775519221967937,29.319092870813463,10.735216710526316,14.800044473684194,14.707953157894805,37.87547776315788,31.363113157894634,22.120465204678396,9.836956505847883,63.10587293233015,41.60823245614014,30.89327964912293,26.600330959752167,10.161102990430592,19.199230729866837,34.682544766590375,10.795090236842158,18.024916842105306,30.67420756578947,10.488733180777956,10.489794107894737,16.766902124060167,17.52780026049973,17.818847836257188,13.287529682017546,52.94055419103259,13.458615789473622,23.746909681020785,11.324751052631568,13.620027368421065,14.379886146453067,28.915662229102,0.0,12.814446708978284,13.530096419504655,18.98218522039473,75.9491605263154,45.716818421052494,29.92983274436095,31.36691189303897,60.64322848297161,27.2444301083588,14.94851738721806,27.28672664473676,24.121378807733723,20.68497051036684,10.196526333333283,9.571090977443609,12.083723930921048,10.89396842105262,23.594144178628422,16.933772631578922,22.066722337821297,24.911724481658663,23.74491042105262,12.437831801962572,98.88944798761614,10.840581463815786,10.06870219298244,28.300754704944158,12.970048684210491,13.606533393829388,19.32987650584791,34.49104537695586,10.693632748537976,28.89154200779721,11.57454757085016,8.994411290322585,41.864562667368325,12.363239473684173,13.458615789473622,16.794313828689447,19.01433358395986,25.27052925129721,15.891763157894731,13.871496155502342,33.00381308579668,31.43488947368417,43.01900310526316,11.24662676691727,19.902943846889944,11.675678929219591,21.45815700215308,25.518074842105243,13.842930377574318,19.13126123642434,9.844570526315724,47.63162236842073,42.09304464609775,37.66576079764062,13.769948245614042,39.70552963386704,15.56544210526318,29.433658741681757,12.5173695488722,15.065142472460243,11.481425396284772,13.387980672514573,10.60706999999995,Oceania,Oceania
PW,75.62433193277337,60.25386736285501,60.70306411764628,63.85208538899424,72.53737700534732,63.411306108597465,60.84952328431325,60.32505329831909,62.138118018975,63.71764253393698,62.732225092879375,63.06246402573516,72.71733193277376,60.38644588235189,64.8609393749996,61.107325367646894,59.95696406078402,61.4487506130897,63.67581063576909,65.60262382352933,60.293208999999926,60.50177779411794,60.45910438502659,74.43625942684825,63.417055882353885,60.8912946139705,79.95297426470596,61.94830855022613,60.89191943733968,59.455426934984615,65.07948559154015,60.37724249834779,61.938282352941705,59.95154436317107,60.25048436274565,63.46570588235279,60.35361409897277,60.465542569659526,60.417834744245816,74.65773262032087,61.111234855203726,59.65832525735306,61.08217521568622,59.38131488614751,67.6852533511584,61.37000870588253,65.78075343137205,67.29167216951168,61.93084862745037,60.96553093014702,62.66377222222143,63.5524547832818,62.66188017429224,59.8484736898398,59.76545866666678,59.90535782352951,62.4863521510099,62.20063979491231,62.10785222381676,61.044321416666925,59.95162290441192,62.04896541582115,60.55688117647153,60.74298257080632,70.19319444444425,60.20040614705876,60.2127886809265,60.84095539598251,64.55597572362318,60.46792628235265,64.32253475935802,59.46963691721119,81.36016879795446,74.61332428356,60.93405539215737,60.0728711437904,63.59838058823528,63.28812368024169,64.40230352941165,61.01081701047559,65.46350980392106,63.27773665158394,58.92346530920049,67.20860322440076,60.5403046218492,64.8409738699687,60.48093858823483,65.3423723942203,59.96103840497742,65.6897612815124,64.03237655597637,84.97539828431272,59.36094240217837,65.87373782352928,63.7844554298633,65.67983635294092,58.426260695186784,72.2469170915033,60.34044161176482,60.96229621375235,60.3596970588232,61.73933719999996,60.29681329923299,62.21551302521026,73.33494276629567,60.78387794117655,59.1879829999997,68.9849843937575,59.74869187675067,61.29891915294088,62.04096850556418,63.82986021505357,85.36862352941168,61.40000467492201,59.640545969498135,61.29423017077816,80.0403216176469,65.74784153297662,61.90382285327975,64.71487654411797,60.374620036764455,78.09757352941179,61.28162865275025,65.30073743315495,109.66731457800512,59.95158756302544,62.92843222506421,66.43106860962506,60.27913948529364,60.12801337151696,61.24180294117565,68.77138955882386,68.34286687306486,63.27086209150277,60.92811282679717,94.64378151260463,73.03917026143776,67.11935137254865,62.94199411764781,60.93124398395703,60.33090603047509,67.16302947570284,60.06236408823472,63.301381176470215,66.26774007352932,61.06410703324784,58.604376308823625,60.26435199579784,61.89721811051718,61.38036754901959,59.52710737745086,71.07545751634004,62.499705882353176,61.869464046345776,60.17122544891583,59.673764458203976,59.82633186700742,64.97807647058798,60.64322848297161,58.90670079411736,59.475460382352736,62.25091455514687,101.14541795665605,71.74148306501542,67.9078683613438,67.53187742884195,0.0,64.77070617647014,60.19650981092387,64.97382487745104,64.47896356542577,61.80878147950108,60.02162729411808,60.59100960384099,59.58479009191154,62.211000000000006,65.95053297682654,60.448441194852926,60.49916645690767,63.56236939988081,63.959099294117664,60.55796620139604,104.90211764705896,59.76952619485317,59.807949117646615,64.5693759358287,61.609893823529205,63.00233772819515,61.43192148692811,69.15019872814007,61.11345947712374,66.4558017429198,62.17796153846159,61.09058889943013,70.69606045176472,61.73932167182693,62.499705882353176,60.89638235294146,63.65361344537828,63.06185372825114,63.74347265221919,60.58575852406402,66.33997332796125,70.46798761609917,70.88937337770876,60.44491425770283,60.1897344919784,59.45525533468524,59.954326491711306,63.45096665882336,60.68175965473184,62.62809617180247,59.66749661538471,71.72968382352931,73.13485801217016,68.67470425253545,62.71675037707432,75.73414322250636,62.330377058823984,67.87476091954055,60.99167672268928,63.79009849521201,60.45772629411765,60.50105584967272,60.5699173374616,Oceania,Oceania
SB,37.37418123249278,18.931006318572173,18.841990588235028,22.52431499051248,41.53163262032077,24.848548823529452,15.99044475490194,14.063443760504205,23.53424503605301,25.670376470588057,23.544586300309398,27.37061506249997,38.93676470588265,14.216962352941142,27.71687363970604,20.85081360294113,13.737455409803855,20.78615768848385,19.65307243018415,28.05648869281021,18.493540882353056,11.910915441176494,12.502749946524013,41.722882051282426,27.77515588235261,19.901979669117637,60.15321102941131,21.951918583710302,20.626625831201988,14.89092879256965,27.899753800396404,12.697327891605994,22.48015910364153,21.007518276214743,11.824369999999886,11.975433155080337,11.830644724556391,18.55657492260056,14.2370024936061,57.91378930481268,23.98886031221721,13.099179375000029,11.862444823529376,14.390312779886072,35.88036297682721,17.314546588235203,29.000226960783937,33.95411416824752,21.85215411764688,16.971789499999932,12.483881372549074,24.784387848297047,25.44438474945519,17.69146201069503,16.775483366946617,20.02848331016036,18.651668568920083,22.74333955007958,15.166751793400412,20.703836764705866,11.422629497548876,18.84132103448268,21.472479058823527,18.31551808278871,31.261146078431512,16.945118029411663,12.838915597147883,22.366298334289656,22.17276563958898,15.736342282352728,19.012004278074876,14.923417156862556,55.21281534526876,38.07354419306217,12.190985457516389,13.79164356209153,22.981074117647093,16.66076440422331,27.184612748662875,20.773824891216822,26.47223725490165,12.456128506787408,17.355423378582216,38.409035816993295,18.247720016806653,30.824592879257004,12.33206047058836,28.57796523219816,13.323551012217116,31.69656930672252,28.34500752371905,54.03999240196004,12.661202698910564,28.7728999411766,21.371661312217157,27.81841441366214,15.29920315508021,39.72206168845291,12.194282910588145,15.368752286661024,16.454103725490242,19.3378109098038,16.288217902813408,12.084093697479048,50.37835039745632,19.47322017647064,16.94186845098025,33.735566866746794,14.60128896358538,19.59112522352925,23.26342294117672,19.095268058191035,62.96059999999927,18.71704292053661,11.738978431372564,13.977259392789454,52.10877220588225,27.043743850267223,20.873163218390747,27.41897777941148,18.817073485294085,52.99367941176426,20.439882669196688,25.70053101604267,101.5344398976984,15.07981378151256,22.38614373401536,31.20923919786113,13.887623088235332,16.81043309907111,17.041549058823666,38.90338749999995,30.41542105263147,23.3045686274509,12.532978513071765,64.89998655462165,42.559569281045626,32.86822368627473,28.468394117646845,12.370095588235236,21.10932697873849,35.90341288746789,13.501379088235426,20.743751568627424,31.54704595588217,13.638751790281184,13.277933502941105,18.52860619747896,19.220549328579875,19.675564542483425,15.787908958333364,55.28344139433543,15.315341176470705,24.955325935828984,13.806503034055805,15.675097275541807,16.58897021483369,29.797958823529157,10.89396842105262,15.051672264705791,15.862409205882308,20.458646415441155,77.9931523219811,46.82463947368403,32.084898109243824,32.57088452561656,62.211000000000006,29.10596382352896,17.517633970588207,28.959124142156696,25.71111211284526,22.35380989304813,12.39252955882342,12.021879711884784,14.623413981617697,0.0,22.4940837789661,18.581630147058785,23.328416990424145,26.55867908496737,25.247331341176405,15.467993718843545,100.36684705882374,13.202460165441266,12.638799117647064,29.62530071301234,14.985681470588103,13.53643062880332,21.31354227124159,34.04737042925277,12.33561764705888,29.06948322440067,12.759943438914084,11.64232685009484,42.61153537176465,13.847426315789429,15.315341176470705,18.645876470588217,20.7474588235294,27.182979378624573,14.829120536635807,15.771007695187032,34.74083134568896,33.85260743034045,43.79176621981415,14.152456862745009,21.306828609625555,14.662398945233251,22.197741876737823,27.062707647058737,15.97871336317124,18.2528162464986,12.197129266968195,48.94753088235272,42.03350791075017,39.16006498275858,13.114826093514408,41.92274168797942,14.849042941176412,31.44430723461769,15.12214781512606,15.281461833105505,13.89090158823521,16.444740816993484,13.724672260061798,Oceania,Oceania
TK,44.84002380952353,22.100209438201976,21.44624117647013,28.58322580645205,47.22613636363626,29.099334615384706,16.488374166666578,14.36787178571429,28.153803096774052,29.83884615384586,28.56481131578921,34.60353281249994,48.73710714285781,14.320941176470477,32.55723937500026,26.2059562499999,13.763074566666578,25.128997887324036,20.11024545454545,33.289119444444246,21.87184300000029,12.04197750000007,10.817510909090812,49.43358974359045,33.709708823529226,23.55013187500005,65.16943749999959,26.354048953846046,26.01003913043437,18.556652631578928,33.75294044943794,11.346156179775091,28.65541904761928,26.30505895652159,9.832168333333188,13.68892727272734,11.11340476190457,22.52382473684193,14.520653260869455,62.09936363636355,28.475777769230824,12.940815625000084,6.621259999999968,15.909072612903133,42.35163969696978,21.108619999999945,36.78490833333273,40.43219462365508,26.22885882352922,19.928494687499946,11.979361111111118,29.17252394736813,28.048851851851637,21.1466105454543,19.864497809523694,23.5035473636363,22.085849253731396,26.64899456756775,4.875560975609741,24.718488416666684,8.06156645833318,22.242296206896413,27.98236000000009,18.221777777777763,35.8823055555558,19.50262702941161,13.38506515151506,27.45320792682905,29.321523809523523,16.347597199999782,24.47372727272702,16.473838333333067,61.98304347826143,45.18782051282121,10.16975833333331,14.920575,27.696880000000192,8.686205128205083,32.76927963636332,24.987499315068582,34.15396666666612,8.683492307692216,21.46454102564104,45.32545444444433,21.31411571428573,36.45293789473685,10.036889000000102,34.208290701754336,13.491990853846044,38.10801535714276,34.41951499999983,62.951229166665534,11.884262266666504,32.760561588235404,25.59681153846143,33.46956929032239,17.78564272727269,44.9362542592591,9.114019719999998,17.61350464788722,17.651833333333308,21.58711159999986,11.860869565217367,7.082892857142823,56.84016216216253,20.99921441176479,19.296516999999856,41.84967346938795,15.431502857142732,21.52410879999992,27.22996729729767,25.34361290322562,67.23593333333253,21.12555771929822,12.001999999999954,13.93510645161292,58.54901374999981,32.67976666666664,24.599094252873357,32.399800249999714,21.5103492499999,56.8434999999996,23.67588279569868,30.840421212121157,101.15956521739196,18.5066361904761,22.50821739130444,36.75798090909096,13.533886250000046,18.053936894736708,15.269108000000204,45.50021250000006,37.69026315789453,27.803499999999943,10.625776388888728,59.57285714285696,50.27034444444449,39.27029333333324,33.806876470588065,9.637156818181705,25.36920687951801,42.87766291304321,15.50242650000019,24.852303333333275,37.75769374999984,12.958754347825854,13.578797449999955,22.83008464285696,22.20511919191913,22.67304166666645,19.134426875000003,54.20703703703728,0.0,31.38821363636377,13.382201052631611,17.621859999999963,19.603646695652102,35.65286470588209,13.458615789473622,17.614583823529284,17.755841676470475,24.34767918749988,73.92236842105282,54.70617736842063,36.73738357142851,38.295251774193176,62.499705882353176,34.52915323529356,20.30476178571409,33.85020208333321,30.67195306122463,26.96386333333347,11.107143499999893,7.792130612244849,15.078088687500076,15.315341176470705,29.98642424242437,22.267301562500027,29.27129581395361,31.657205050505144,30.11943439999997,18.011174576271216,104.85988235294164,12.506577187500124,13.19745333333332,35.68569393939384,18.021204999999924,11.86712068965517,25.374376944444144,40.40978378378404,11.76553333333334,33.58511111111081,7.293746153846096,9.256166129032255,48.32144952,14.361931578947273,0.0,25.09523725490168,13.13380952380954,32.15085394366189,20.643315789473583,17.033573727272604,41.62247534246573,26.207631578947343,51.02367752631578,13.278428571428472,25.430000545454504,16.82767586206891,28.40003477727261,32.260379599999915,17.024231521738933,23.57769841269821,11.393500615384465,53.52599999999979,49.548999999999374,44.45036491379304,19.103423076923224,36.66391304347821,21.967409999999735,35.91997931034476,14.603257619047543,15.770325581395456,16.099810999999878,18.605221666666637,12.971996842105083,Oceania,Oceania
TO,36.78719924812003,21.19166888231796,21.85810946336389,22.97730786644045,41.00655422647532,26.952045978407643,19.49376600877182,18.21820756265661,25.93598471873228,24.97971524966249,25.605952368420915,27.93676208662276,37.31137844611552,18.08350602683174,29.15426705043887,22.906977960526184,17.549787507017474,22.7136467828022,23.067103083466236,29.50002467836233,21.00108752631601,16.471636184210595,16.87444612440187,38.92224156545226,29.396101702786,22.362610537280727,59.424865131579125,24.345698864237452,22.528357513348368,18.25735964912284,29.898675517445128,16.90776958407239,24.28588471177959,22.55717305873372,16.433093728069938,16.630129505582225,16.39305304928984,20.830576140350782,18.065261231883973,58.05735885167473,25.498080549257804,16.900340953947424,16.82226715789468,18.22627916072436,37.05229606060617,20.40285115789466,29.69637850877145,34.57334244482121,24.01852773993788,19.90886260635957,17.428311988304177,26.717880789473504,26.112003898635336,20.72083663157874,19.928337208019983,22.36558756140349,21.242726918041413,25.00522548838332,19.75905049208382,22.831885820175405,16.452834638157764,21.438975493042907,23.03740329824563,20.27232943469779,30.84189619883048,19.691194198658323,16.968105980861214,23.76111477920393,21.74112030075177,19.459085129824373,21.695283891546904,18.890551588693803,53.87371700991648,36.66495006747657,17.053182602339163,17.479629327485394,25.15702298245622,20.7629649122806,28.41911968740005,23.435852311944316,28.05323157894692,17.590155195681536,20.07825222672065,38.8153446783625,21.52515256641609,32.02003508771935,16.956064754386134,29.39824403508774,17.038053465721937,32.30880787593968,29.296360659309457,51.67756249999973,16.801928802728863,30.688546048503767,24.351026113360213,29.325238801358125,18.559560653907468,40.84386747563333,17.005583684912235,18.97923141833452,19.50053561403513,22.631487501754293,19.83849046529364,17.28243020050127,48.301661925083096,22.228643167182828,19.849239491227927,31.705286430361475,18.150565964912243,22.332453263157767,25.38115059743988,21.71985681946794,63.13942456140329,21.17422684210527,16.026696101364546,18.520291850594205,52.89213210526314,29.004104146730413,23.56275511191765,29.587564504385643,21.539992212719127,53.36086842105277,22.86991709111472,28.00595358851672,103.18235316552214,18.493373483709245,23.817949656750507,32.96375647527934,18.05885010964919,19.81549864912268,20.91706345614033,39.60893346491232,28.657140350877015,25.758428070175395,17.254004897660707,68.33234837092752,42.55120643274851,33.5020314385966,29.614181940144224,17.026422846889883,23.186306638131523,36.98036861861164,17.696532885965027,23.584517894736816,33.066991995613755,17.93354214340183,16.928518353508693,21.346336058897062,21.474271036682616,22.390341754385737,18.806148629386,57.93742105263203,20.643315789473583,25.82675047846898,17.806337894736934,18.72133789473687,19.810098085430933,31.078575541795352,15.891763157894731,18.168407847265147,19.10610837203293,23.009177933113943,81.45785964912263,46.390818070175314,33.79518114035088,33.7848343152233,63.74347265221919,30.970304793601137,19.985733114034907,30.50388168859632,27.45376936269261,24.452703779904347,16.580721421052516,17.119940565699977,18.236660334429786,14.829120536635807,22.746059011164267,21.163976447368416,24.631186478988266,28.02438495481133,27.18402014035084,19.47108935474286,100.46960681114524,17.363515762061432,16.956929649122788,31.088813237639517,18.79500289473688,16.880005142165775,23.93151434210502,32.3566064485537,17.075936842105325,28.761210526315622,17.99689298245619,16.472002688172015,43.25609299649119,17.762970175438596,20.643315789473583,21.550532404540576,24.145230576440948,28.76761150728932,0.0,19.126933688197628,35.52587337178557,38.14224561403511,44.1640374561403,18.241252105263143,23.47516598724083,18.451452268602484,23.5246488447368,28.729061466666565,19.00431920289842,19.059739348370883,16.545205730094356,48.27251973684226,40.25921355111901,40.6376774570478,15.429097840755771,46.30937528604129,17.397672807017404,33.198357531760216,19.256476917293188,18.460864953080343,17.177279534571653,19.57573956140352,17.59055473684203,Oceania,Oceania
TV,58.02846491228051,37.202214594913926,37.36311752321908,42.999811544991545,60.47431818181808,42.08622538461553,34.270699517543584,33.25328558270653,41.466025168081366,44.43532388663982,42.51781552631572,47.30844860197364,58.57324436090305,32.976582724457934,45.7005889802632,41.105725986841904,32.2717498017544,40.17312497405461,36.3119632642212,45.48463192982449,36.99059784210555,31.618614605263136,30.483925837320573,61.42033333333406,46.15925959752379,38.41639894736851,74.67768092105273,40.992299293927005,40.38288169336325,35.149978947368474,46.09800786516842,31.02793973979876,42.2396987468676,40.99712329061765,29.60855697368394,33.639415311004484,30.378567502088792,38.18618789473668,32.81309937070915,70.24579904306219,41.48631298380563,31.78578085526304,28.774598912280617,32.767241465195134,51.282439441786345,37.381134947368416,49.04285833333266,50.59933497453193,41.23963001031955,37.04156843421044,32.05002719298242,43.502917631578846,43.7546237816764,36.33534897607642,35.682507754385824,37.815511296650776,38.868676119403126,40.21838062731148,28.84480231065465,39.441923535087874,28.66427415570204,38.56340379310318,39.66370547368469,36.75291423001946,52.403638888888544,36.272227339009206,31.51986132376379,41.81497110783024,44.93775020885567,34.69800002105245,40.77703732057378,33.82082258284576,71.96536613272367,58.33915789473757,30.59444283625681,32.940724883040666,41.68862315789475,31.43958029689614,45.04537301435397,38.90675957462157,47.35547192982394,31.040370040485936,36.28859068825911,54.44588514619878,36.71784028571452,48.24491368421027,29.738832368420937,46.58990403508738,31.68595036801612,48.95242370300736,46.008965814940105,73.00709320175336,31.18975453489257,43.707967582043175,41.90360627530294,45.79103380645131,34.30389889952154,54.699054610136365,30.10730609052621,35.37358715344679,34.536916842105235,38.02618063859635,31.34996109839822,29.253884586465936,65.40727311522079,36.8006615820435,35.03025850877169,54.16675510204127,32.89253528822043,37.56913326315772,40.62334169274542,40.8517606112052,79.80127017543832,37.14063596491204,30.34312573099412,33.19640594227495,66.3046228289471,46.2957271132376,39.36646364186334,43.84548356578963,36.98910795394713,69.49474999999985,38.214290379173086,44.280198883572496,101.57122425629362,35.20492571428565,39.598924485126005,48.14041574162654,32.08498986842127,35.13081731578938,34.57383036842091,54.78956618421061,51.20205263157864,42.12107777777744,30.47195913742712,64.1426315789473,58.61417602339211,50.11383256140327,45.656080185758825,30.142494138755826,39.13679643183255,53.16475966361511,33.477096184210524,39.85463192982432,48.24543651315778,32.1032243707091,31.877025492105208,37.09091765037562,38.70530048910166,38.774435175438434,34.86931675438599,61.38880116959098,26.207631578947343,44.49164961722492,32.11617263157902,34.11780421052627,35.555309482837295,47.27866532507706,31.43488947368417,34.679810897832674,34.50932925232188,40.13201056249981,80.14789473684222,60.293218421052174,47.369812969924375,49.63050401527956,70.46798761609917,46.21758967492215,35.94759994360866,46.26998717105258,44.50442481202992,41.45808039872416,31.14914045614014,28.764836305048103,32.54132038486819,33.85260743034045,44.570057416267645,37.91582687500003,42.41733806609516,45.31616730462503,43.72400530526312,35.16345504014288,109.972405572756,31.63237389802608,31.6029598245611,47.52515295055802,35.85272184210532,32.78147459165141,38.92356609649104,53.62071266002885,31.757407017543866,48.23684015594549,29.508504858299663,29.43109057724959,56.8266808294737,32.55955263157882,26.207631578947343,39.95554561403522,34.91591729323292,43.96157253521075,38.14224561403511,34.27494406937797,50.40592465753432,0.0,59.09915436842119,32.30707736842101,39.20520536842093,33.92703477313953,42.77657560071772,44.36199652631561,34.193696624713745,39.5200267335005,30.87474813765188,63.85191447368388,61.16860617059803,52.22768673048992,36.15128812415677,46.397860411899295,37.41091421052624,47.21277144585632,32.92772834586455,34.85572705018339,34.56977695665632,36.02219821637403,32.39761368421066,Oceania,Oceania
VU,36.36758608058591,19.43604184384891,19.71558375565585,21.74990860215075,40.4214988344989,24.56559974358984,17.631935448717854,16.10169605311355,23.77967823655905,25.90050000000005,23.994969628879723,26.270999011217867,37.05110531135579,16.079934027149285,27.65706504807715,20.52254535256407,15.469350120512733,21.18996645359339,20.969079875679903,27.644239145298997,18.97241479487192,14.781134294871867,14.950020512820448,39.014423076923606,27.430209426847465,19.95978350160255,57.93015544871771,22.25472455897427,20.42656566332207,16.671178947368393,28.07125110919037,15.343005185825236,21.534944688644728,21.107749830546148,14.75995608974342,15.04576293706307,14.632141391941246,19.24730703103905,16.21851234671119,56.3791689976691,23.60153587179491,15.390040432692338,15.091929128205082,15.929793853597982,34.359320815851035,18.15697969230764,27.5401249999997,32.70017750206743,22.370423800904774,18.383062032051217,15.432552564102672,24.95818219298228,25.398383190883287,18.134067804195677,17.950406139194065,20.004192496503407,19.52703972445465,22.793726714483743,18.86017104440289,21.008266865384577,14.739044983974203,20.048890778072412,20.140473743589745,20.27551709401721,30.972014957265397,17.950471700603245,15.092471212121168,22.680800781112985,21.52054761904759,17.452956953845927,19.76793310023309,16.77844650997135,53.1663573021187,37.333782051282576,15.249218162393143,15.615206623931666,22.658326666666674,19.854782051282196,26.393971086246847,20.95523655426769,26.114829487179197,15.829084615384737,17.847466666666733,36.94728717948697,18.715612432234384,30.440348043184947,15.212092102564275,28.06680900134953,15.485525730769144,31.058770210622512,27.416453891645865,52.01596634615344,15.002844826210678,28.73081902111629,22.58649871794875,26.943169892473023,16.559402913752894,38.711919273504094,15.352599463589677,16.70698324665933,18.26057205128209,19.80316661538448,18.89948996655533,15.576553296703372,48.004962231462585,21.027699190045333,18.05576248717933,32.07072972265845,16.659687326007273,20.399571671794742,23.51130599445623,19.29269851116629,61.92809999999988,18.996871646423745,14.54836695156696,16.700295781637784,51.93597730769216,27.114540792540783,21.548821662245764,27.33664467307671,19.63287921794865,51.7938397435896,21.135227791563164,25.55487226107224,100.38086900780364,16.315573113553075,23.402831103679095,30.45119834498857,15.762331474359,17.64419052496611,18.623641358974474,37.44136019230769,29.370126180836643,23.314038461538555,15.325027457264747,66.30252564102582,40.91933931623915,31.52548728205145,27.17935595776764,15.471846911421853,21.099459308310127,34.76507104459295,15.621151525641164,21.463836410256427,29.720444711538438,15.830904626532702,15.449270380769144,19.018578122710498,20.064555337995294,20.51523243589723,16.95192068910258,56.13538319088361,19.103423076923224,24.59065578088584,15.864814035087829,16.513359865047256,17.670047023411318,28.10802926093506,13.769948245614042,16.072479915535304,17.277609736802304,21.159008027243495,78.85048380566792,44.4444372064776,31.700497820512908,31.7229295409428,62.71675037707432,28.749470897435437,17.798532152014584,28.09305657051273,25.46573653061231,22.69800846153847,15.069873192307554,15.298577655677695,16.248072318910285,13.114826093514408,22.05419230769244,19.69465772435893,23.02165023255821,25.922195337995383,25.339905251282,17.824232594524215,98.54849245852168,15.631259671474403,15.134900769230777,28.76087505827506,17.40143602564097,16.333556145004504,21.211727585469863,32.55792758142783,15.172055555555646,28.03414387464398,15.885035897435976,14.8043885442514,41.64091413538459,16.04415492577598,19.103423076923224,19.44350346907989,23.01501648351659,26.706390678945397,15.429097840755771,17.28226997668987,33.074236178433445,36.15128812415677,42.4829040175439,16.118305311355268,21.988092303030264,16.34512498673739,22.26634716491833,26.454269076922984,17.522083807134777,18.61130219780225,14.834049435897326,46.90075000000003,40.10047259062758,38.55704316047751,0.0,44.02589018952085,15.839068974358874,30.975979752431225,16.909393003663006,16.728148181276186,15.037224987933548,17.79929380341884,15.969887071524829,Oceania,Oceania
WF,62.33826397515504,43.12888677088395,43.21038122762069,48.86775175315566,63.34851976284572,46.24398050167242,40.39682836956481,39.82200107142828,45.70934872089742,51.374301003344605,47.35136493135004,51.26443933423901,62.63958385093246,40.09229539641885,48.66358247282599,47.903644293478,39.56486525652164,45.305015805266,43.38511247255139,49.053770169082064,43.665449521739255,39.67220554347836,38.42265122529633,65.36930434782678,51.07807506393934,43.840754510869694,76.36717119565232,45.48216018461519,46.75064782608627,41.66214027459961,50.03768426966295,38.913399071812286,47.11284182194669,46.81855747826062,38.09294387681154,41.951331225296045,38.52690248447219,43.59884848970245,39.67274152173906,74.18715810276682,46.52495685953185,39.4063458423912,38.083873043478185,39.55722728611475,54.01545563899873,43.47121478260876,52.30670760869498,53.87883866292535,45.66081901108229,43.07150889673908,40.290361594202565,47.757003489702335,49.96371497584546,42.64738442687746,41.9841484265011,43.74712744268782,43.79665042180431,44.93481220564034,38.79244962884411,44.351287329710274,37.66880513586986,44.46042115442243,46.15906591304424,44.28417391304337,57.84932487922658,42.1240276099743,39.32746633728568,47.61675278791066,51.10501173222936,41.295345443478055,45.57748616600753,41.92498564412211,73.69713043478323,61.73002341137189,39.20174094202884,40.0725568840576,45.81432956521744,40.21150278706807,48.884416600790445,44.22450903514013,53.7887731884051,40.32535585284285,42.674876588628685,58.32140708534611,42.68892634782637,51.32348759725378,38.633708695651954,50.69188894736802,39.91934066454844,52.96405526397498,49.48717272790957,74.8729918478251,38.78521301062777,48.85222565984638,48.56529280936371,48.526420406731845,42.13225996047415,57.559874082125496,38.9074429095652,42.36127281690096,41.70516057971003,44.96527355942016,40.74600000000004,38.64499161490672,66.55560047003542,44.44710757289008,42.01168444927516,59.41045785270666,40.55879590062101,43.83431996521721,45.802624947121046,47.396041140719696,80.62482608695619,43.05710167048014,39.20368904991916,41.40248148667603,67.47261163043461,50.34305309617913,44.59306456771633,49.1003157717394,43.91614618478228,71.90942934782603,43.33064689106971,48.43574374176535,97.660869565218,41.67841060041408,48.07613043478275,51.445393794466064,39.68211521739123,42.16011810297472,41.04473026086911,58.62983358695668,57.47077803203637,46.58842801932327,38.71008943236722,74.53627329192531,61.2781640096622,52.601528231883805,49.81989693094675,38.73388962450576,44.811711092194976,56.1030166521734,40.62762241304328,45.77358463768083,50.52587744565204,40.30145869565183,39.867681136956605,43.23327576086915,44.42668386473456,44.55201089371967,41.66893877717384,62.12066022544305,36.66391304347821,49.71215495388672,40.18828508009143,41.7647341876429,41.96486260869531,49.221083631713206,39.70552963386704,41.67404453836298,41.22359322378503,44.632775383151966,76.70845537757451,63.48548405034272,51.03390102484418,52.16310988078478,75.73414322250636,48.85366673912986,42.84363374223554,48.71461349637685,47.126233921916445,45.42879429512538,38.80594981159418,38.08576521739087,39.89106046467364,41.92274168797942,50.72908695652127,43.609233288043534,47.819846916076486,48.97399951690801,47.36673273043481,42.16464030950647,107.7429565217398,38.840053953804336,39.73210840579676,51.63635665349129,43.56497891304353,40.99258545727133,44.52141527777767,58.048470035253054,40.05896376811568,54.97518196457339,38.76881906354516,38.41371788218768,60.00264724869569,40.51097139588101,36.66391304347821,45.53859411764725,44.020865424430426,47.548907611756974,46.30937528604129,40.703296916996,54.24133513996433,46.397860411899295,61.18039480778047,40.68488304347812,44.68594402371529,41.21783334332799,48.12973518833995,48.49531879999978,41.491175000000055,46.9031366459628,37.99662718394659,68.06949456521725,65.89238230884492,56.66615266191893,44.02589018952085,0.0,44.52407000000012,51.010106546727,40.28909273291927,41.881658240646935,41.52993726086954,42.42992775362281,40.43586073226565,Oceania,Oceania
WS,37.16980142857107,18.963838764044823,20.733005882352607,21.447212580645115,40.18936454545448,24.173084615384703,17.568257499999962,16.962068214285765,23.096659870967688,25.118339230768957,22.96691973684198,25.22628706250001,36.57920285714292,17.001074705882324,26.82370062500018,19.817671249999943,16.472575966666632,20.510443661971863,22.241192828282863,27.021573888888685,18.86909900000014,16.03626750000006,16.48991545454543,39.627050512820645,26.8321070588232,19.77941718750002,57.70086750000026,21.962150861538397,19.82174826086945,16.996422631578895,26.33812303370777,16.873415393258274,20.93387666666667,20.539116086956515,16.62789833333318,16.38399181818177,16.373547142857028,18.678419473684144,16.877483260869518,55.6917009090912,23.24640007692316,16.69796375000005,17.472672000000006,16.329500870967735,33.71357878787891,18.241465999999857,26.162494999999723,31.50990763440827,21.55861627450964,18.01548924999993,17.083437777777778,24.237438684210407,25.4254211111108,18.16407399999991,17.671315142857075,20.014758636363563,19.329609701492537,22.46880786486493,21.14445926829247,20.663055916666657,17.08701062499993,19.95275862068964,19.55388999999992,22.328066296296047,31.74968444444433,18.08323108823524,16.01091878787872,21.529988365853544,21.91756619047588,17.768658399999808,19.935180909090818,17.751170185185075,53.10187695652198,37.61126435897451,17.447581666666583,16.722668333333345,22.369780000000038,21.87785820512797,25.779285999999843,20.91177534246582,24.807493333333035,18.128080769230746,17.457778205128204,35.97243222222206,18.963284571428588,29.14661526315799,17.043688000000156,26.51504701754384,16.948021669230787,29.82680321428557,26.41311790322572,52.0348141666665,16.40102748148142,28.994351235294296,22.286850769230742,26.480841999999896,16.479194545454494,37.8745394444442,17.097377799999954,17.278721971830922,18.59738333333332,20.409179733333247,21.42810130434762,18.068782857142708,46.97009162162164,21.441964882353105,18.146444333333186,31.437928367346952,17.457015714285724,21.10976919999991,22.531469189189416,18.98705043010739,61.8714433333333,18.698641754385974,15.677749999999994,18.063660967741896,50.06973874999995,25.86541969696956,20.81457160919537,26.923518249999816,19.725008249999977,52.64228000000024,20.781573010752656,25.04910939393926,100.46517347826118,16.886193809523785,25.994313478260644,29.91518181818189,17.18735250000006,18.064076789473628,19.57840000000014,36.61038249999999,29.78320473684183,23.14256999999987,17.48242138888881,67.35870714285764,39.44808999999982,30.43252733333364,27.113808823529133,17.4692895454544,20.587600421686773,33.459033434782526,16.05564550000016,21.52747333333331,29.691918749999743,17.15215999999986,16.736292649999992,18.97152964285708,19.954572222222208,20.493250555555385,16.8705339583334,55.91085444444496,21.967409999999735,23.274038787878848,17.03935736842117,16.945955263157913,17.701650782608706,27.97518882352913,15.56544210526318,16.384918999999925,17.146737970588195,20.536725187499982,79.7865152631582,43.54367473684193,30.483973571428656,31.534380806451548,62.330377058823984,27.830270294117216,18.13221892857145,27.57577541666649,24.72802367346945,22.248008484848505,16.542353499999955,17.606490816326474,16.90969168750002,14.849042941176412,22.43194575757556,19.511389999999984,22.06068348837208,25.153065555555617,24.147049199999987,18.265811694915296,98.5787299999998,16.813480937500046,16.489083333333344,27.492945151514988,17.627384999999872,18.941327241379096,21.24113361111093,32.40153162162139,16.696085555555527,29.52050999999961,18.608020769230684,16.72028064516117,40.84514651999992,16.962815263157783,21.967409999999735,19.76537745098031,26.014917619047317,26.042861126760396,17.397672807017404,17.80618849999991,32.113860136986254,37.41091421052624,41.2045504736842,18.029929047619007,21.859399999999955,16.718758965517246,21.62642711363631,26.24595759999995,18.043199782608543,19.430814126983908,16.446452153846113,46.92149000000027,40.07042448275848,38.01442508620688,15.839068974358874,44.52407000000012,0.0,30.477399885057284,19.105034285714265,18.594994651162608,15.775552411764656,18.024055000000036,17.442891052631495,Oceania,Oceania
